43,49,57,40,13,23,47,25,17,77,68,31,60,34,19,11,17,8,17,12,24,40,39,28,24,22,34,35,31,11,25,37,22,64,16,50,34,12,24,14,19,25,65,18,14,23,7,9,35,26,20,17,55,66,60,35,27,21,46,56,8,17,15,34,14,0,0,0,0,0,0,0,0,0,0,2,0,0,0,0,0,0,0,0,0,0,0,0,0,0,0,0,0,0,0,0,0,0,0,0,0,0,0,0,0,0,0,0,0,0,0,0,0,0,2,0,0,0,0,0,0,0,0,2,0,0,0,0,0,0,0,2,0,0,0,0,0,0,0,0,0,0,0,0,0,0,0,0,2,0,0,0,0,0,0,0,0,0,0,0,0,0,0,0,0,0,0,0,0,0,0,0,0,0,0,0,0,0,0,0,0,0,0,0,0,0,0,0,0,0,0,0,0,0,0
43.566,48.826,57.393,40.439,11.81,20.922,52.06,23.233,14.441,82.628,68.566,29.423,62.406,33.58,17.945,10.075,15.831,7.7208,16.46,9.9089,23.445,40.279,38.504,28.419,22.864,22.486,33.288,36.109,31.632,11.114,23.496,36.874,20.5,65.322,15.142,51.092,33.545,11.298,22.406,13.857,19.925,24.316,69.001,17.156,14.023,23.79,6.1114,8.938,35.128,24.444,17.315,16.276,56.887,70.951,60.561,33.673,27.499,19.852,47.377,54.299,7.9853,16.842,15.002,33.842,13.554,0.00086743,0.0022274,0.0021357,0.0048299,0.0010582,0.00074427,0.0013787,0.00076261,0.0063779,0.27077,2.1281,0.20148,0.056577,0.024851,0.039978,0.016391,0.0033576,0.00033705,0.0016181,0.0039686,0.0098199,0.0039343,0.0021389,0.00050728,0.00058023,0.0010338,0.00094455,0.00090882,0.00067669,0.00023224,0.001035,0.00013209,0.00026742,0.0013128,3.3656e-05,0.00034119,0.00061077,2.4244e-05,9.0875e-05,7.5261e-05,0.00010591,0.00032554,0.00029448,0.0010317,0.0008623,0.0027166,0.0018662,0.0055187,0.18604,1.594,0.032735,0.015243,0.32101,0.0621,0.0088922,0.01128,0.038195,0.23087,2.0078,0.22668,2.0992e-06,0.0011095,9.5964e-05,0.00096065,0.058634,0.04733,1.9859,0.15324,0.016894,0.071165,0.12509,0.071617,0.012554,0.0067735,0.082533,0.01145,0.0028446,0.0049887,0.013279,0.0050867,0.035396,0.15415,0.030978,1.4045,0.031036,0.021168,0.03943,0.22894,0.11892,0.018842,0.010313,0.002668,0.0062774,0.00939,0.00042471,0.0045945,0.0017085,0.00041115,0.0011549,0.0003098,7.8425e-05,6.9494e-05,0.00087899,0.00019751,6.0784e-05,0.0008608,0.0016098,0.0021586,0.00023946,0.00035566,0.0013582,4.3733e-05,3.617e-05,0.00077291,0.0006704,0.00028999,7.6475e-05,0.00011439,0.00041924,0.00041751,4.4177e-05,1.9596e-05,2.5818e-05,0.00034739,0.00069705,0.00018463,9.2646e-05,0.00067633,3.8194e-05,3.2576e-05
44.066,48.332,57.585,40.81,11.081,19.914,54.853,22.42,12.988,85.968,68.762,28.545,64.252,33.141,17.195,9.5309,14.932,7.5176,15.966,8.7128,22.846,40.264,37.953,28.624,22.04,22.816,32.756,36.912,32.002,11.224,22.285,36.67,19.643,66.55,14.458,51.815,33.27,10.675,21.267,13.669,20.477,24.192,71.852,16.524,14.006,24.146,5.6423,8.7658,34.848,23.408,15.883,15.616,58.127,74.368,61.104,32.965,27.792,19.214,48.015,52.832,7.9686,16.709,14.983,33.685,13.171,0.0026615,0.0058818,0.0069883,0.016138,0.0027139,0.00225,0.004846,0.0019947,0.024077,0.65014,2.3599,0.36155,0.15587,0.060231,0.081049,0.034607,0.012466,0.0010909,0.0053275,0.0084536,0.023561,0.010691,0.0064764,0.0018464,0.0016361,0.002313,0.0022208,0.0022151,0.00197,0.00055668,0.0025699,0.00058402,0.00068839,0.0031691,0.00013564,0.00099195,0.0013173,0.00011557,0.00035056,0.00033162,0.00043009,0.00077237,0.0013394,0.0023087,0.0023604,0.0080527,0.0056482,0.016363,0.32252,1.2953,0.06045,0.040775,0.61133,0.18298,0.033228,0.035609,0.094394,0.40367,2.1201,0.49496,1.1009e-05,0.0021438,0.00036765,0.0027276,0.10555,0.1073,2.0138,0.3355,0.050143,0.12117,0.21169,0.1809,0.03387,0.019391,0.20251,0.037759,0.0085894,0.01725,0.033888,0.012961,0.057561,0.22626,0.04938,1.015,0.046064,0.046426,0.10567,0.38048,0.20432,0.042811,0.029973,0.0068125,0.020035,0.02084,0.0016228,0.010534,0.0038293,0.0016185,0.0038457,0.00063342,0.0003488,0.00027749,0.0014101,0.00070544,0.00026104,0.002027,0.0037466,0.0066154,0.00097074,0.00085666,0.0031617,0.00016915,0.00014457,0.0014879,0.0011124,0.00058187,0.00028562,0.00046089,0.0011671,0.0011321,0.00020157,9.6399e-05,0.00010882,0.00082624,0.0016125,0.00066154,0.00032079,0.0011299,0.00015608,0.00012801
44.501,47.745,57.624,41.1,10.626,19.394,56.379,22.048,12.155,87.775,68.711,28.04,65.659,32.729,16.652,9.1936,14.249,7.3669,15.532,8.0094,22.294,40.085,37.401,28.684,21.429,23.032,32.359,37.49,32.222,11.311,21.318,36.468,19.168,67.668,13.909,52.28,33.101,10.143,20.425,13.471,20.828,24.307,73.964,16.033,13.95,24.248,5.3748,8.5697,34.356,22.696,15.117,15.061,58.931,76.778,61.633,32.622,27.964,18.838,48.192,51.51,7.9504,16.594,14.948,33.527,12.846,0.0058321,0.011711,0.016373,0.036784,0.0051647,0.0047389,0.011438,0.0039467,0.054939,1.1957,2.7016,0.50697,0.30683,0.10669,0.12494,0.057754,0.028462,0.0025025,0.011945,0.013974,0.041736,0.021136,0.013816,0.0044621,0.0034032,0.0041301,0.003982,0.0042105,0.0040749,0.0010309,0.0047528,0.0014675,0.001327,0.0059262,0.00031015,0.0020309,0.0021964,0.00030042,0.00078829,0.00081165,0.0010172,0.0014723,0.0034991,0.0040401,0.0045848,0.016066,0.010559,0.029346,0.42744,1.0827,0.088675,0.070966,0.89418,0.37421,0.082533,0.074921,0.16678,0.54678,2.3208,0.81662,3.1746e-05,0.0031634,0.00079902,0.0054036,0.14527,0.18323,2.0754,0.55324,0.10226,0.15954,0.27933,0.32489,0.064952,0.035202,0.36932,0.083849,0.019032,0.041629,0.061702,0.023584,0.071885,0.2539,0.060536,0.75905,0.054527,0.075088,0.18982,0.48515,0.26847,0.069145,0.054531,0.013202,0.040193,0.035155,0.0035725,0.018338,0.0069388,0.0036676,0.0089191,0.00097309,0.00087408,0.00063887,0.0017946,0.0014885,0.00063965,0.0038355,0.0067386,0.014269,0.002249,0.0015608,0.0054983,0.00037356,0.00032865,0.002256,0.0014675,0.00091286,0.00061413,0.001084,0.002425,0.0022776,0.0005183,0.000261,0.00026095,0.0014994,0.0028016,0.0013517,0.00063942,0.0014837,0.00036675,0.00028762
44.871,47.158,57.534,41.305,10.334,19.094,57.161,21.868,11.661,88.456,68.446,27.723,66.696,32.359,16.251,8.9662,13.727,7.2517,15.158,7.5798,21.816,39.815,36.872,28.647,20.967,23.162,32.065,37.9,32.354,11.374,20.55,36.303,18.92,68.675,13.464,52.563,32.991,9.6992,19.785,13.278,21.062,24.51,75.579,15.639,13.864,24.201,5.2053,8.3799,33.77,22.187,14.705,14.609,59.427,78.479,62.134,32.49,28.061,18.588,48.063,50.269,7.9311,16.49,14.903,33.367,12.57,0.011038,0.020744,0.032868,0.07032,0.0086806,0.0085563,0.02253,0.0069817,0.10286,1.9818,3.1739,0.65841,0.52449,0.1664,0.17458,0.089215,0.053503,0.0048694,0.0226,0.02112,0.065288,0.036438,0.025339,0.0089748,0.0061946,0.0068649,0.0064487,0.0072915,0.0073009,0.001725,0.0077835,0.0029477,0.0022835,0.010103,0.00056641,0.003574,0.0033422,0.00060764,0.0014459,0.0015594,0.0019516,0.0025782,0.0073404,0.0063982,0.0076017,0.026723,0.01609,0.042908,0.51347,0.93872,0.12148,0.10349,1.1909,0.65528,0.16948,0.1326,0.25583,0.67956,2.605,1.2037,7.1317e-05,0.0042253,0.001385,0.0091286,0.18162,0.27935,2.1685,0.81429,0.17668,0.19267,0.33994,0.50408,0.10658,0.05407,0.59738,0.15694,0.036274,0.084615,0.097619,0.03747,0.082747,0.25978,0.067767,0.59095,0.061276,0.10757,0.2884,0.56312,0.31951,0.096648,0.081648,0.022354,0.066232,0.052867,0.0063297,0.028511,0.011636,0.0067,0.017577,0.0013379,0.0017363,0.0011889,0.002164,0.0026033,0.0012539,0.0065762,0.010947,0.026486,0.0041686,0.0025343,0.0085099,0.0006623,0.00059699,0.0031741,0.0018387,0.0013219,0.0010675,0.0020794,0.0044485,0.004047,0.0010575,0.00055116,0.00049982,0.0024374,0.0043319,0.002212,0.0010312,0.0018149,0.00069319,0.00051902
45.176,46.595,57.327,41.421,10.134,18.887,57.48,21.758,11.34,88.195,67.95,27.483,67.399,32.025,15.94,8.7929,13.319,7.1601,14.835,7.3028,21.408,39.492,36.373,28.547,20.609,23.229,31.846,38.186,32.429,11.416,19.935,36.185,18.806,69.575,13.102,52.717,32.91,9.3327,19.288,13.098,21.224,24.729,76.842,15.315,13.754,24.062,5.084,8.2048,33.161,21.801,14.475,14.242,59.688,79.639,62.587,32.468,28.105,18.388,47.712,49.063,7.9109,16.394,14.85,33.204,12.335,0.019233,0.034413,0.060081,0.12148,0.013651,0.014205,0.039981,0.011601,0.17397,3.1056,3.8123,0.83407,0.83113,0.24335,0.23395,0.13311,0.090918,0.0085939,0.038883,0.030634,0.095765,0.058215,0.042728,0.016252,0.010443,0.011029,0.0099363,0.012011,0.012107,0.002732,0.011928,0.0052717,0.0037067,0.016466,0.0009206,0.0057837,0.0048718,0.0010736,0.0023968,0.0026272,0.003359,0.0042925,0.01372,0.0095434,0.011474,0.040018,0.021968,0.056427,0.59017,0.85047,0.16251,0.13805,1.5236,1.0549,0.31144,0.21394,0.36392,0.81578,2.9751,1.669,0.00013968,0.0053857,0.0021315,0.014091,0.218,0.40102,2.295,1.1282,0.27791,0.22499,0.40111,0.72119,0.15966,0.077279,0.90611,0.26696,0.063055,0.15502,0.14351,0.055587,0.093645,0.25767,0.07318,0.48147,0.068813,0.14497,0.40117,0.62818,0.36312,0.12509,0.11026,0.034705,0.098057,0.074463,0.010003,0.041574,0.018583,0.010949,0.03154,0.0017436,0.0030451,0.0019849,0.0026168,0.0041795,0.0021842,0.010544,0.016797,0.045243,0.0068596,0.0038576,0.012386,0.0010484,0.00096419,0.004338,0.0023105,0.0018543,0.0016673,0.0036008,0.0075996,0.0067152,0.001908,0.0010159,0.00084979,0.0037232,0.0062856,0.0032232,0.0014967,0.0021748,0.0011685,0.00083659
45.411,46.056,57.006,41.443,9.985,18.717,57.49,21.66,11.094,87.032,67.173,27.249,67.772,31.713,15.683,8.6391,12.985,7.0837,14.552,7.1111,21.057,39.134,35.903,28.405,20.321,23.249,31.684,38.376,32.466,11.443,19.438,36.112,18.768,70.372,12.805,52.779,32.842,9.032,18.896,12.935,21.337,24.933,77.844,15.042,13.631,23.868,4.9874,8.045,32.564,21.491,14.334,13.94,59.752,80.343,62.961,32.493,28.107,18.196,47.181,47.854,7.89,16.304,14.792,33.039,12.13,0.031768,0.054696,0.10295,0.19665,0.020629,0.022386,0.066284,0.018482,0.27685,4.6904,4.6672,1.0522,1.2575,0.34354,0.3082,0.19466,0.14538,0.014224,0.062979,0.043481,0.13547,0.088705,0.068302,0.02749,0.016745,0.017315,0.014888,0.019134,0.019142,0.0041772,0.017537,0.0088013,0.0058102,0.026141,0.0013977,0.0088801,0.0069311,0.0017468,0.0037503,0.0040817,0.0054147,0.0068942,0.023896,0.013646,0.016278,0.056051,0.028114,0.069832,0.66526,0.80913,0.21572,0.17563,1.9165,1.6127,0.53219,0.32665,0.49512,0.96581,3.4386,2.226,0.0002508,0.0067036,0.0030556,0.020536,0.2575,0.55492,2.4594,1.5065,0.41176,0.2597,0.46802,0.98068,0.22536,0.10693,1.3184,0.42663,0.10296,0.26457,0.20221,0.079329,0.10741,0.25592,0.078134,0.41233,0.078506,0.18885,0.52994,0.69001,0.40349,0.15488,0.14012,0.050719,0.13594,0.10052,0.014745,0.058096,0.028548,0.016745,0.053229,0.0022121,0.0049468,0.0031093,0.0032401,0.0064169,0.0035392,0.01607,0.024817,0.073306,0.010487,0.00563,0.017363,0.0015522,0.0014514,0.0058525,0.0029619,0.0025667,0.0024499,0.0058695,0.012377,0.010663,0.0031922,0.0017192,0.0013426,0.0054545,0.0087592,0.0043843,0.0020489,0.0026011,0.001837,0.0012621
45.568,45.523,56.56,41.361,9.8625,18.555,57.277,21.549,10.857,84.912,66.038,26.968,67.795,31.401,15.449,8.481,12.69,7.016,14.299,6.9658,20.744,38.745,35.454,28.235,20.083,23.233,31.563,38.491,32.473,11.457,19.03,36.076,18.774,71.07,12.559,52.773,32.776,8.7856,18.582,12.787,21.414,25.109,78.641,14.806,13.499,23.641,4.904,7.8989,31.995,21.224,14.23,13.687,59.631,80.616,63.215,32.519,28.066,17.989,46.493,46.611,7.8686,16.217,14.731,32.872,11.947,0.050537,0.084306,0.16817,0.30447,0.030383,0.034071,0.1048,0.028532,0.42278,6.885,5.8058,1.3332,1.8451,0.47537,0.40385,0.28044,0.22315,0.022503,0.097831,0.060927,0.18768,0.13098,0.10523,0.044323,0.025914,0.026664,0.021922,0.029721,0.029308,0.0062316,0.025074,0.014062,0.0088987,0.040775,0.0020339,0.013158,0.0097073,0.0026923,0.0056623,0.0060128,0.0083625,0.010776,0.039711,0.018912,0.022128,0.075101,0.034589,0.083399,0.74565,0.80963,0.2859,0.21822,2.3983,2.3819,0.86423,0.48151,0.65525,1.1382,4.0062,2.8893,0.00042431,0.0082457,0.0041862,0.028783,0.30321,0.74935,2.6682,1.9628,0.58555,0.29939,0.54472,1.2885,0.30523,0.14554,1.8569,0.65113,0.16056,0.42859,0.27755,0.11052,0.12645,0.25975,0.083562,0.37212,0.09125,0.24125,0.67795,0.75585,0.44395,0.1868,0.1715,0.070972,0.18051,0.13179,0.020759,0.078729,0.042476,0.024545,0.086042,0.0027729,0.0076363,0.004675,0.0041257,0.0095963,0.0054643,0.023564,0.035698,0.11452,0.015256,0.0079749,0.02373,0.0022016,0.0020873,0.0078408,0.0038781,0.0035321,0.0034675,0.009191,0.019451,0.016409,0.0050781,0.0027457,0.0020184,0.0077452,0.011863,0.0057075,0.0027108,0.0031256,0.0027558,0.0018263
45.639,44.976,55.972,41.16,9.75,18.384,56.887,21.412,10.584,81.73,64.449,26.595,67.42,31.063,15.212,8.2996,12.406,6.9524,14.061,6.8438,20.45,38.324,35.016,28.044,19.877,23.189,31.469,38.547,32.455,11.461,18.687,36.067,18.8,71.672,12.353,52.716,32.705,8.5836,18.326,12.655,21.465,25.253,79.27,14.598,13.364,23.395,4.8284,7.7641,31.456,20.975,14.131,13.467,59.317,80.443,63.301,32.51,27.98,17.751,45.651,45.305,7.8466,16.133,14.666,32.701,11.778,0.078158,0.12694,0.26471,0.45652,0.043962,0.050587,0.16001,0.042976,0.62562,9.8529,7.3106,1.7012,2.648,0.65021,0.52907,0.39849,0.33215,0.034407,0.14727,0.084603,0.2568,0.18922,0.15774,0.068964,0.039052,0.040341,0.031895,0.045227,0.043833,0.0091283,0.035156,0.021807,0.013403,0.062771,0.00288,0.019011,0.013444,0.0039978,0.0083532,0.0085453,0.012541,0.016493,0.06384,0.025608,0.029192,0.097678,0.041574,0.097639,0.83818,0.85036,0.3792,0.26865,3.0041,3.4323,1.3517,0.69329,0.85207,1.3404,4.691,3.6738,0.00068759,0.010092,0.0055669,0.039239,0.35837,0.99457,2.9296,2.513,0.80836,0.34635,0.63482,1.6521,0.40122,0.19561,2.5358,0.95648,0.2414,0.66635,0.37448,0.15137,0.15277,0.27263,0.090156,0.35388,0.10779,0.3046,0.84954,0.83157,0.48733,0.22194,0.20507,0.096224,0.23276,0.16928,0.028309,0.10424,0.061577,0.03497,0.13474,0.0034643,0.011373,0.0068337,0.0053828,0.014103,0.0081534,0.033544,0.050356,0.17422,0.021421,0.011046,0.031834,0.0030325,0.0029096,0.010454,0.0051594,0.0048448,0.0047898,0.013972,0.029689,0.024641,0.0077905,0.0042063,0.0029261,0.010726,0.015721,0.0072175,0.0035145,0.0037798,0.0039985,0.0025706
45.608,44.391,55.218,40.819,9.6364,18.196,56.341,21.241,10.244,77.391,62.299,26.085,66.578,30.669,14.95,8.0794,12.11,6.8888,13.826,6.7305,20.156,37.864,34.576,27.834,19.689,23.12,31.392,38.553,32.413,11.457,18.392,36.075,18.836,72.175,12.179,52.62,32.628,8.417,18.115,12.536,21.494,25.366,79.748,14.412,13.227,23.138,4.7577,7.6386,30.943,20.728,14.015,13.265,58.785,79.774,63.154,32.432,27.84,17.472,44.655,43.911,7.8242,16.051,14.6,32.527,11.615,0.11815,0.18751,0.40419,0.66788,0.062749,0.073699,0.23784,0.063423,0.90083,13.746,9.2741,2.1841,3.7332,0.88266,0.69365,0.5578,0.4817,0.051158,0.216,0.11651,0.34856,0.2689,0.23128,0.10431,0.057598,0.060006,0.045962,0.067602,0.064333,0.013179,0.048583,0.033095,0.019916,0.095562,0.0040047,0.026956,0.018455,0.0057776,0.012129,0.011852,0.018414,0.024819,0.1001,0.034089,0.037718,0.12458,0.04935,0.11325,0.95023,0.9329,0.50343,0.33061,3.7768,4.8513,2.0525,0.98153,1.0955,1.5796,5.5075,4.594,0.001078,0.012341,0.0072572,0.052418,0.42659,1.303,3.2536,3.1751,1.091,0.40284,0.74185,2.0803,0.51572,0.25893,3.3476,1.3557,0.35147,1.0005,0.49895,0.20437,0.18782,0.29673,0.098471,0.35354,0.12885,0.3818,1.0499,0.92226,0.53627,0.26162,0.24177,0.12748,0.29407,0.2143,0.037734,0.13552,0.087421,0.048851,0.20587,0.0043349,0.016497,0.009784,0.0071468,0.020455,0.011863,0.046681,0.070015,0.25968,0.029292,0.015034,0.042096,0.00409,0.0039658,0.013876,0.0069255,0.0066235,0.0065067,0.020725,0.044131,0.036227,0.011618,0.0062428,0.0041225,0.01454,0.02046,0.0089499,0.0045014,0.0045981,0.0056579,0.0035484
45.461,43.742,54.266,40.311,9.513,17.982,55.647,21.034,9.8117,71.868,59.494,25.398,65.182,30.188,14.642,7.8074,11.779,6.8218,13.583,6.6155,19.844,37.352,34.119,27.605,19.51,23.028,31.322,38.513,32.345,11.444,18.128,36.089,18.87,72.571,12.031,52.494,32.542,8.2788,17.938,12.428,21.503,25.446,80.085,14.241,13.091,22.875,4.6903,7.5202,30.446,20.466,13.865,13.071,57.997,78.53,62.696,32.251,27.633,17.145,43.498,42.408,7.8014,15.969,14.532,32.349,11.45,0.17515,0.27237,0.60132,0.95761,0.088513,0.10571,0.34588,0.091973,1.2635,18.662,11.787,2.8131,5.1802,1.1907,0.90879,0.76742,0.68171,0.074202,0.30942,0.15897,0.47,0.37698,0.33263,0.15403,0.083381,0.087763,0.065651,0.099399,0.092884,0.018794,0.066384,0.049384,0.029248,0.14399,0.0054995,0.037669,0.02515,0.0081777,0.017415,0.016173,0.026616,0.036823,0.15387,0.044824,0.048053,0.15693,0.058303,0.13113,1.0903,1.0619,0.66837,0.40876,4.768,6.7435,3.0411,1.3714,1.398,1.8627,6.4701,5.6638,0.0016458,0.015116,0.0093369,0.068964,0.51206,1.6895,3.6514,3.9692,1.4459,0.47117,0.8695,2.5831,0.65159,0.33555,4.2495,1.853,0.49628,1.455,0.65774,0.27195,0.23203,0.33309,0.10897,0.36872,0.15515,0.47604,1.2852,1.0326,0.59329,0.30732,0.28277,0.16604,0.36626,0.26853,0.049464,0.17363,0.12207,0.067298,0.30839,0.0054464,0.023449,0.013783,0.009591,0.029348,0.016931,0.063852,0.096307,0.38076,0.039246,0.020173,0.055018,0.0054294,0.005315,0.018335,0.0093195,0.0090109,0.0087295,0.030063,0.063909,0.052191,0.016913,0.0090319,0.0056706,0.019337,0.026207,0.010952,0.0057232,0.0056205,0.00785,0.0048271
45.173,43.001,53.081,39.6,9.3723,17.735,54.799,20.786,9.2745,65.28,55.977,24.495,63.136,29.585,14.268,7.4753,11.399,6.7484,13.32,6.4912,19.494,36.773,33.63,27.351,19.331,22.914,31.251,38.429,32.249,11.424,17.884,36.099,18.897,72.849,11.902,52.342,32.446,8.1626,17.785,12.328,21.493,25.494,80.275,14.081,12.957,22.607,4.625,7.4069,29.949,20.174,13.665,12.874,56.899,76.61,61.83,31.932,27.346,16.762,42.171,40.779,7.778,15.888,14.462,32.166,11.276,0.25521,0.38976,0.8744,1.3493,0.12349,0.14959,0.49389,0.13136,1.7251,24.596,14.918,3.6195,7.0765,1.5957,1.1864,1.0347,0.94145,0.10515,0.43329,0.21452,0.62955,0.5222,0.46995,0.22269,0.11869,0.12625,0.092982,0.14396,0.13212,0.026518,0.089876,0.072702,0.042504,0.21498,0.0074871,0.052043,0.034063,0.011383,0.024804,0.021846,0.038023,0.053996,0.23283,0.058433,0.060683,0.19629,0.068935,0.15239,1.2685,1.245,0.88604,0.50891,6.0396,9.2281,4.4104,1.895,1.7749,2.1966,7.5928,6.8947,0.0024588,0.018579,0.011912,0.089697,0.61977,2.1717,4.1359,4.9162,1.8869,0.55383,1.0218,3.1722,0.81218,0.4225,5.1503,2.435,0.6792,2.0518,0.85804,0.35608,0.28423,0.38119,0.122,0.39782,0.18737,0.59079,1.562,1.1671,0.66094,0.36076,0.32943,0.21363,0.45167,0.33405,0.064055,0.21983,0.16831,0.091816,0.45475,0.0068783,0.03281,0.019168,0.012943,0.041733,0.023813,0.086222,0.13145,0.55105,0.051752,0.026762,0.071204,0.0071195,0.0070314,0.024111,0.01251,0.012171,0.011595,0.042662,0.090058,0.07364,0.024087,0.012789,0.0076365,0.025264,0.033071,0.013284,0.0072452,0.0068957,0.010723,0.0064894
44.72,42.138,51.621,38.65,9.2073,17.447,53.785,20.491,8.6331,57.919,51.764,23.349,60.355,28.826,13.812,7.0814,10.96,6.6662,13.027,6.3521,19.091,36.111,33.092,27.067,19.143,22.776,31.169,38.298,32.122,11.394,17.65,36.093,18.909,72.987,11.789,52.168,32.34,8.0635,17.648,12.235,21.465,25.507,80.302,13.928,12.823,22.335,4.5609,7.2964,29.439,19.835,13.399,12.662,55.429,73.912,60.448,31.431,26.959,16.319,40.667,39.009,7.7539,15.807,14.392,31.978,11.083,0.36568,0.54959,1.2445,1.8696,0.17028,0.20896,0.69358,0.18493,2.289,31.397,18.69,4.6294,9.5041,2.1205,1.5373,1.3631,1.2671,0.14557,0.59278,0.28558,0.83627,0.71465,0.6522,0.31554,0.16616,0.17851,0.13047,0.20537,0.18516,0.037028,0.12065,0.10573,0.061125,0.3179,0.010124,0.071214,0.045869,0.01562,0.035096,0.029324,0.053787,0.078322,0.34737,0.075697,0.076247,0.24463,0.081871,0.17837,1.497,1.4928,1.17,0.63793,7.6589,12.423,6.2662,2.59,2.2444,2.5876,8.8868,8.2944,0.0036033,0.022931,0.015118,0.11562,0.75544,2.7699,4.7208,6.0367,2.4274,0.65338,1.2031,3.8596,1.0012,0.51315,5.9233,3.0653,0.89908,2.8021,1.1063,0.45755,0.34126,0.43862,0.1378,0.43946,0.22603,0.72934,1.8872,1.3298,0.74171,0.42373,0.38325,0.27242,0.55317,0.4134,0.082193,0.27555,0.22976,0.12438,0.66151,0.0087288,0.045314,0.026362,0.017495,0.05886,0.033103,0.1153,0.17836,0.78851,0.067363,0.035162,0.091362,0.0092418,0.0092038,0.031525,0.016676,0.016262,0.015258,0.059131,0.12311,0.10151,0.033549,0.017755,0.010081,0.032445,0.04113,0.016019,0.0091459,0.0084816,0.014457,0.0086286
44.072,41.126,49.848,37.421,9.0113,17.108,52.585,20.143,7.9039,50.225,46.967,21.954,56.793,27.881,13.266,6.6325,10.461,6.5731,12.7,6.1939,18.616,35.346,32.49,26.745,18.938,22.611,31.068,38.117,31.956,11.356,17.416,36.059,18.902,72.955,11.687,51.972,32.223,7.977,17.52,12.145,21.417,25.482,80.14,13.778,12.691,22.057,4.4968,7.1864,28.895,19.432,13.052,12.425,53.524,70.348,58.437,30.706,26.451,15.81,38.982,37.094,7.7291,15.725,14.32,31.782,10.865,0.51538,0.76357,1.7346,2.5468,0.23186,0.28811,0.95873,0.25674,2.9473,38.766,23.05,5.8569,12.524,2.7874,1.9694,1.7499,1.6601,0.19681,0.79171,0.37415,1.0993,0.96558,0.8888,0.43838,0.22883,0.24796,0.18124,0.28863,0.25572,0.051177,0.16061,0.15202,0.087,0.46555,0.013612,0.096639,0.061421,0.021167,0.049376,0.039221,0.07544,0.11245,0.51164,0.097588,0.095573,0.30442,0.097876,0.21073,1.79,1.8182,1.5346,0.80368,9.6946,16.424,8.7196,3.4988,2.8273,3.0416,10.359,9.8653,0.0051886,0.028425,0.019125,0.14796,0.9256,3.5065,5.42,7.3481,3.0787,0.77239,1.4178,4.6578,1.2228,0.59757,6.4357,3.6829,1.1484,3.6983,1.4067,0.57546,0.39804,0.501,0.1564,0.49198,0.2714,0.89452,2.268,1.5245,0.83801,0.49818,0.44581,0.34513,0.67424,0.50964,0.10474,0.34242,0.31125,0.1676,0.95093,0.011121,0.0619,0.035904,0.023633,0.082408,0.045587,0.15304,0.24088,1.1171,0.086751,0.045825,0.11632,0.011894,0.011939,0.040945,0.021999,0.021413,0.019886,0.079841,0.16258,0.13621,0.045634,0.024175,0.013052,0.040961,0.050407,0.019247,0.011521,0.010448,0.019277,0.011345
43.196,39.933,47.728,35.884,8.7782,16.71,51.18,19.735,7.1183,42.69,41.793,20.328,52.479,26.728,12.626,6.1432,9.9102,6.4681,12.335,6.0141,18.059,34.46,31.809,26.378,18.71,22.415,30.938,37.878,31.745,11.305,17.174,35.983,18.869,72.712,11.594,51.755,32.093,7.8993,17.394,12.055,21.344,25.413,79.746,13.628,12.557,21.77,4.4316,7.0741,28.297,18.949,12.61,12.151,51.129,65.888,55.701,29.712,25.801,15.231,37.117,35.033,7.7032,15.642,14.247,31.579,10.611,0.71425,1.0447,2.3678,3.4074,0.31136,0.39191,1.3047,0.35152,3.6795,46.305,27.867,7.2973,16.153,3.6142,2.4859,2.1855,2.1151,0.25978,1.0316,0.48151,1.4269,1.2867,1.1888,0.59725,0.30994,0.3383,0.24906,0.39965,0.34806,0.070008,0.21196,0.21625,0.12258,0.67512,0.018208,0.13018,0.081796,0.028377,0.069103,0.052361,0.10499,0.15988,0.74451,0.12529,0.11971,0.3786,0.11787,0.2514,2.1635,2.2355,1.9929,1.0146,12.205,21.276,11.868,4.6642,3.5459,3.5632,12.011,11.603,0.0073506,0.03538,0.02415,0.18826,1.1373,4.4058,6.2466,8.8615,3.8472,0.91325,1.6704,5.5786,1.481,0.66465,6.5997,4.2137,1.4122,4.7034,1.7599,0.7069,0.44863,0.56265,0.17769,0.55332,0.32353,1.0882,2.7106,1.7542,0.95207,0.58615,0.51881,0.43525,0.8191,0.62652,0.13279,0.42228,0.41917,0.22497,1.3527,0.014209,0.083769,0.048478,0.031877,0.11462,0.062307,0.20202,0.32412,1.5684,0.11073,0.059309,0.14704,0.015193,0.015363,0.052757,0.028633,0.027663,0.025641,0.10463,0.20645,0.17706,0.06045,0.032264,0.016575,0.050828,0.060847,0.023074,0.014486,0.01288,0.02546,0.014731
42.06,38.533,45.243,34.022,8.5024,16.243,49.546,19.259,6.3148,35.732,36.502,18.518,47.531,25.363,11.899,5.6333,9.3222,6.3507,11.934,5.8118,17.41,33.436,31.036,25.957,18.452,22.182,30.768,37.572,31.481,11.241,16.917,35.849,18.801,72.201,11.508,51.515,31.95,7.8269,17.261,11.963,21.244,25.289,79.062,13.475,12.42,21.469,4.364,6.9567,27.625,18.369,12.064,11.832,48.216,60.582,52.187,28.414,24.986,14.58,35.079,32.837,7.6761,15.557,14.172,31.364,10.315,0.97238,1.4061,3.1632,4.4709,0.41176,0.52539,1.7468,0.47429,4.4553,53.61,32.943,8.9232,20.344,4.6101,3.0833,2.6548,2.6208,0.33482,1.3115,0.60799,1.8246,1.6888,1.5597,0.79786,0.4128,0.45316,0.3383,0.54507,0.46688,0.094751,0.2771,0.30427,0.17093,0.96838,0.024223,0.17412,0.1083,0.037694,0.096149,0.069791,0.14492,0.225,1.0697,0.16017,0.14993,0.47048,0.1429,0.3026,2.6342,2.7587,2.554,1.2789,15.221,26.937,15.766,6.1212,4.422,4.155,13.836,13.495,0.010248,0.04417,0.030452,0.23829,1.3973,5.4915,7.211,10.577,4.7303,1.0778,1.9648,6.6314,1.7798,0.70561,6.4073,4.5919,1.6703,5.7491,2.161,0.84738,0.48797,0.61805,0.2015,0.62135,0.38226,1.311,3.2199,2.0211,1.0859,0.68974,0.604,0.547,0.9927,0.76847,0.16766,0.51709,0.5617,0.30093,1.9046,0.018179,0.1124,0.064927,0.042904,0.15836,0.084589,0.26548,0.43451,2.1822,0.14023,0.076287,0.18461,0.019271,0.019617,0.06733,0.036664,0.034918,0.032657,0.13257,0.25096,0.22183,0.077723,0.042133,0.020643,0.06197,0.072303,0.027626,0.018175,0.015873,0.033333,0.018857
40.632,36.908,42.395,31.843,8.1799,15.7,47.668,18.707,5.5327,29.62,31.367,16.597,42.166,23.796,11.1,5.1239,8.7159,6.2211,11.5,5.5872,16.666,32.262,30.163,25.476,18.156,21.91,30.547,37.185,31.153,11.161,16.638,35.637,18.688,71.349,11.426,51.248,31.792,7.7563,17.113,11.863,21.108,25.1,78.013,13.313,12.278,21.15,4.2923,6.8311,26.859,17.68,11.413,11.459,44.801,54.596,47.922,26.796,23.988,13.857,32.885,30.527,7.6475,15.47,14.095,31.137,9.9681,1.2991,1.8596,4.1325,5.7445,0.5356,0.69348,2.2997,0.63028,5.2392,60.341,38.049,10.685,24.98,5.7722,3.7516,3.139,3.1609,0.42167,1.6274,0.7529,2.2949,2.181,2.0073,1.0454,0.54074,0.59618,0.45416,0.7324,0.61753,0.12689,0.35866,0.42359,0.23593,1.3731,0.032045,0.23136,0.14254,0.049706,0.13296,0.092875,0.19843,0.31337,1.5169,0.20381,0.18772,0.58375,0.17413,0.36675,3.2185,3.3986,3.2195,1.603,18.73,33.253,20.393,7.8878,5.4737,4.8173,15.819,15.519,0.014069,0.05525,0.03835,0.3002,1.7114,6.7857,8.3187,12.481,5.7137,1.2673,2.304,7.8218,2.1225,0.7166,5.9317,4.7798,1.9005,6.7404,2.5989,0.99135,0.51332,0.66316,0.22765,0.69415,0.44734,1.5618,3.7989,2.3267,1.2414,0.81115,0.70333,0.6858,1.201,0.94096,0.21103,0.62899,0.74956,0.40131,2.6549,0.023265,0.1497,0.086331,0.057628,0.21741,0.11418,0.34761,0.5804,3.0088,0.17642,0.097591,0.23029,0.02428,0.024862,0.084976,0.046067,0.042907,0.041011,0.16176,0.29107,0.26645,0.096619,0.053722,0.025211,0.074204,0.084524,0.033051,0.022749,0.019543,0.043298,0.023744
38.892,35.049,39.219,29.386,7.809,15.074,45.535,18.073,4.8033,24.455,26.604,14.647,36.664,22.061,10.249,4.6331,8.1098,6.0798,11.038,5.3417,15.831,30.931,29.184,24.928,17.817,21.591,30.261,36.705,30.749,11.06,16.329,35.323,18.519,70.07,11.345,50.95,31.615,7.6841,16.941,11.751,20.929,24.828,76.512,13.141,12.127,20.808,4.215,6.6941,25.983,16.875,10.665,11.027,40.959,48.193,43.031,24.868,22.799,13.067,30.561,28.13,7.6169,15.379,14.016,30.894,9.5677,1.701,2.4139,5.2752,7.2185,0.68448,0.9003,2.9745,0.82421,5.9979,66.283,42.963,12.519,29.885,7.0832,4.4747,3.6194,3.717,0.51955,1.9738,0.91469,2.8359,2.7692,2.5345,1.3439,0.69685,0.7707,0.60248,0.9697,0.8058,0.16813,0.45926,0.58325,0.32226,1.9215,0.042138,0.30543,0.18647,0.065168,0.18256,0.12329,0.26932,0.43162,2.1201,0.25793,0.2348,0.72215,0.21273,0.44629,3.9293,4.1601,3.981,1.9908,22.661,39.968,25.628,9.9541,6.7109,5.5472,17.935,17.645,0.019027,0.069132,0.048218,0.37645,2.0831,8.3046,9.5684,14.538,6.7698,1.4814,2.6897,9.1493,2.5114,0.69969,5.2894,4.7785,2.0841,7.5776,3.0573,1.1333,0.52493,0.69649,0.25616,0.77054,0.51845,1.8378,4.4478,2.6716,1.4201,0.95265,0.81899,0.8583,1.451,1.1504,0.26494,0.76015,0.99615,0.53338,3.6616,0.029746,0.198,0.11402,0.077227,0.2965,0.15325,0.45358,0.77203,4.1076,0.22062,0.12422,0.28548,0.030392,0.031269,0.1059,0.056679,0.051213,0.050709,0.18954,0.32181,0.30568,0.11574,0.06673,0.03019,0.087242,0.097168,0.039521,0.028389,0.024022,0.055822,0.029352
36.832,32.961,35.781,26.715,7.3907,14.363,43.152,17.353,4.1468,20.208,22.35,12.748,31.307,20.206,9.3703,4.1738,7.5196,5.9275,10.555,5.0776,14.914,29.444,28.097,24.308,17.43,21.221,29.895,36.116,30.256,10.936,15.985,34.88,18.28,68.266,11.265,50.616,31.417,7.6066,16.733,11.623,20.697,24.456,74.459,12.952,11.964,20.437,4.1308,6.5428,24.988,15.957,9.8395,10.535,36.821,41.697,37.737,22.677,21.42,12.216,28.141,25.683,7.5839,15.285,13.934,30.632,9.1125,2.1799,3.0722,6.5772,8.8661,0.85875,1.1486,3.7771,1.0598,6.7048,71.351,47.516,14.355,34.858,8.5132,5.2333,4.0802,4.2716,0.62744,2.3438,1.0912,3.4415,3.455,3.1414,1.6963,0.88388,0.97979,0.78983,1.2653,1.0378,0.22039,0.58143,0.79381,0.43534,2.6483,0.055043,0.40057,0.24241,0.085022,0.24848,0.163,0.36204,0.58727,2.915,0.32439,0.29298,0.88926,0.25981,0.54343,4.7743,5.0395,4.8196,2.4418,26.888,46.767,31.255,12.276,8.1316,6.338,20.152,19.836,0.025354,0.086379,0.060481,0.46974,2.5125,10.055,10.95,16.698,7.8599,1.7187,3.1211,10.606,2.9468,0.66135,4.5965,4.6221,2.21,8.1814,3.517,1.2685,0.52546,0.71904,0.28724,0.85018,0.59529,2.1348,5.1633,3.0554,1.6236,1.1165,0.95343,1.0725,1.7506,1.4044,0.33181,0.91267,1.3176,0.70586,4.9899,0.037961,0.26016,0.14963,0.10317,0.4013,0.20446,0.58961,1.0214,5.5442,0.27438,0.15733,0.35171,0.03779,0.039015,0.13015,0.068199,0.059361,0.061683,0.21313,0.33993,0.33455,0.13335,0.080601,0.035454,0.10072,0.10984,0.047232,0.035306,0.02946,0.071446,0.035576
34.463,30.668,32.179,23.926,6.9293,13.57,40.536,16.548,3.5724,16.773,18.667,10.969,26.34,18.292,8.4884,3.7534,6.9567,5.7647,10.057,4.7976,13.931,27.811,26.907,23.613,16.988,20.795,29.431,35.4,29.659,10.781,15.601,34.275,17.953,65.836,11.183,50.235,31.193,7.5197,16.478,11.471,20.399,23.962,71.755,12.744,11.786,20.031,4.0381,6.375,23.87,14.941,8.966,9.9889,32.566,35.439,32.338,20.306,19.873,11.315,25.667,23.23,7.5481,15.186,13.848,30.348,8.6067,2.7304,3.8306,8.0084,10.642,1.0572,1.4389,4.7063,1.3391,7.342,75.564,51.594,16.129,39.697,10.021,6.0058,4.5097,4.8095,0.74416,2.7301,1.2796,4.1011,4.2348,3.825,2.104,1.1042,1.2262,1.0237,1.628,1.3202,0.28588,0.72749,1.0675,0.58137,3.5872,0.071426,0.52208,0.31319,0.11047,0.33489,0.21436,0.48175,0.78864,3.9344,0.40517,0.36425,1.0884,0.31636,0.65998,5.7528,6.0224,5.7068,2.9509,31.234,53.321,36.98,14.773,9.7171,7.1787,22.427,22.046,0.033313,0.10762,0.075644,0.58317,2.9951,12.032,12.442,18.892,8.9364,1.9758,3.5949,12.175,3.4269,0.61035,3.9418,4.3634,2.2757,8.5115,3.9575,1.3935,0.51905,0.73378,0.3214,0.93353,0.67741,2.4471,5.9382,3.4768,1.8533,1.3049,1.1096,1.3384,2.1091,1.7116,0.41461,1.0886,1.7337,0.92928,6.7103,0.048339,0.33981,0.19526,0.13732,0.5387,0.27108,0.76329,1.3428,7.3878,0.33951,0.19837,0.43069,0.046678,0.048289,0.15766,0.080221,0.066922,0.073802,0.2303,0.34488,0.34985,0.14767,0.094534,0.040833,0.11421,0.12212,0.056421,0.043746,0.036033,0.090816,0.042248
31.821,28.212,28.529,21.117,6.4324,12.703,37.725,15.661,3.08,14.018,15.547,9.3536,21.916,16.38,7.6251,3.3744,6.4277,5.5917,9.5481,4.5052,12.9,26.051,25.62,22.841,16.487,20.306,28.849,34.54,28.943,10.593,15.172,33.475,17.523,62.699,11.096,49.8,30.938,7.4193,16.163,11.29,20.022,23.325,68.327,12.511,11.588,19.586,3.936,6.189,22.64,13.849,8.0766,9.3972,28.378,29.678,27.127,17.857,18.191,10.379,23.186,20.814,7.5089,15.081,13.758,30.037,8.0585,3.339,4.6775,9.5289,12.495,1.277,1.7695,5.7527,1.662,7.9015,79.005,55.154,17.79,44.243,11.563,6.7721,4.9012,5.3201,0.86863,3.1262,1.4771,4.8013,5.0999,4.5793,2.5669,1.3595,1.5123,1.3117,2.0659,1.6592,0.36685,0.89925,1.4163,0.76638,4.7596,0.092044,0.67609,0.4021,0.14284,0.44589,0.27981,0.6337,1.0433,5.1976,0.50215,0.4505,1.3223,0.38302,0.79691,6.855,7.0852,6.6103,3.5084,35.517,59.37,42.511,17.344,11.433,8.0551,24.715,24.231,0.043175,0.13349,0.094246,0.71998,3.5224,14.213,14.013,21.045,9.9521,2.2479,4.1047,13.83,3.9472,0.55477,3.3732,4.0542,2.2871,8.5759,4.3622,1.5061,0.50978,0.74441,0.3593,1.0215,0.7642,2.7682,6.7613,3.9333,2.1107,1.5201,1.2907,1.6672,2.5363,2.0813,0.51661,1.2894,2.2657,1.2147,8.8836,0.061381,0.4412,0.25336,0.18183,0.71606,0.35675,0.98286,1.7505,9.6956,0.41795,0.24889,0.52416,0.057267,0.059273,0.18821,0.092354,0.073651,0.086917,0.2402,0.33884,0.3515,0.1575,0.10766,0.046144,0.12731,0.13364,0.067348,0.053982,0.043936,0.11464,0.049189
28.967,25.65,24.95,18.387,5.9101,11.776,34.768,14.703,2.6636,11.813,12.945,7.9255,18.102,14.524,6.7984,3.0357,5.9352,5.4086,9.0328,4.2039,11.844,24.192,24.248,21.992,15.926,19.75,28.13,33.519,28.093,10.363,14.694,32.447,16.972,58.817,11.004,49.298,30.645,7.3007,15.775,11.071,19.553,22.526,64.146,12.25,11.367,19.097,3.8238,5.9843,21.314,12.712,7.203,8.7724,24.421,24.579,22.344,15.44,16.424,9.4259,20.743,18.479,7.4658,14.969,13.663,29.696,7.4798,3.9841,5.5944,11.094,14.367,1.514,2.136,6.8989,2.0259,8.3829,81.788,58.198,19.304,48.386,13.094,7.5149,5.2524,5.7966,0.99994,3.5264,1.6807,5.527,6.0368,5.3959,3.0836,1.6506,1.8399,1.6614,2.5858,2.0602,0.46554,1.0979,1.8512,0.99549,6.1657,0.11778,0.86976,0.51292,0.18359,0.58519,0.36176,0.82286,1.3572,6.7002,0.61713,0.55351,1.5927,0.46005,0.95424,8.0623,8.1974,7.4987,4.1016,39.573,64.749,47.607,19.88,13.233,8.9502,26.97,26.347,0.05522,0.16466,0.11688,0.88354,4.0823,16.56,15.625,23.082,10.866,2.5289,4.6414,15.538,4.5007,0.50094,2.9083,3.736,2.2552,8.4199,4.7192,1.6055,0.50105,0.75463,0.40173,1.1153,0.85485,3.0915,7.6181,4.4211,2.3967,1.7638,1.5003,2.0709,3.0423,2.5228,0.64129,1.5163,2.9349,1.5732,11.55,0.077695,0.56938,0.32686,0.23908,0.94076,0.46532,1.2569,2.2579,12.502,0.51177,0.31066,0.63391,0.069766,0.072151,0.22153,0.10429,0.079517,0.10088,0.24338,0.32554,0.34212,0.16249,0.11921,0.051202,0.13968,0.14413,0.080301,0.066327,0.053385,0.1437,0.056233
25.983,23.051,21.55,15.817,5.3746,10.807,31.729,13.688,2.3142,10.042,10.797,6.689,14.893,12.769,6.022,2.734,5.4788,5.215,8.5143,3.8977,10.785,22.27,22.805,21.067,15.302,19.121,27.254,32.322,27.097,10.088,14.168,31.165,16.29,54.225,10.904,48.715,30.307,7.1594,15.306,10.811,18.979,21.553,59.26,11.956,11.119,18.561,3.7013,5.7615,19.917,11.563,6.3719,8.1292,20.817,20.209,18.145,13.153,14.629,8.4747,18.385,16.263,7.4182,14.85,13.562,29.32,6.8849,4.6368,6.557,12.66,16.207,1.763,2.5312,8.1205,2.4257,8.7912,84.033,60.764,20.653,52.065,14.578,8.2202,5.5639,6.2358,1.1374,3.9259,1.8873,6.2622,7.0274,6.2636,3.6509,1.9774,2.2101,2.0792,3.193,2.5269,0.58393,1.3238,2.3791,1.2715,7.7707,0.14967,1.1115,0.65009,0.23413,0.75521,0.46227,1.0532,1.732,8.4016,0.75163,0.67484,1.9007,0.54729,1.1309,9.3481,9.3253,8.3449,4.7156,43.277,69.388,52.108,22.284,15.059,9.845,29.147,28.357,0.069736,0.2018,0.14419,1.0774,4.6602,19.021,17.233,24.939,11.647,2.8117,5.193,17.26,5.0775,0.45305,2.5446,3.437,2.1937,8.1102,5.0222,1.6919,0.49527,0.76761,0.44956,1.2158,0.94822,3.4101,8.4909,4.935,2.7122,2.0372,1.7419,2.5621,3.6368,3.0446,0.79224,1.7697,3.7608,2.014,14.711,0.098019,0.73035,0.41924,0.31164,1.2194,0.60066,1.5937,2.8754,15.802,0.62305,0.38555,0.76164,0.084386,0.087104,0.25736,0.11589,0.08468,0.11559,0.2416,0.3091,0.32598,0.16314,0.1286,0.055846,0.15108,0.15345,0.095602,0.081136,0.064632,0.17885,0.063264
22.966,20.483,18.414,13.469,4.8388,9.8189,28.68,12.636,2.0217,8.6084,9.0308,5.6346,12.237,11.147,5.3049,2.4653,5.0561,5.0107,7.9952,3.5909,9.7434,20.323,21.311,20.072,14.615,18.416,26.205,30.941,25.949,9.7631,13.593,29.616,15.471,49.051,10.793,48.036,29.915,6.9916,14.75,10.502,18.294,20.407,53.811,11.625,10.84,17.977,3.5687,5.522,18.48,10.433,5.6023,7.4823,17.632,16.555,14.589,11.067,12.863,7.5447,16.151,14.196,7.3654,14.722,13.454,28.905,6.2885,5.2649,7.5389,14.191,17.973,2.0182,2.9463,9.3885,2.8539,9.1344,85.848,62.908,21.834,55.266,15.983,8.8782,5.8383,6.6376,1.2804,4.3211,2.094,6.9918,8.0513,7.1697,4.2644,2.3385,2.6231,2.5692,3.8886,3.0597,0.72329,1.5763,2.9998,1.5933,9.4965,0.18893,1.4107,0.81851,0.29561,0.95609,0.58258,1.3264,2.1634,10.218,0.90671,0.8156,2.2459,0.64411,1.3249,10.681,10.437,9.1298,5.3351,46.562,73.298,55.952,24.483,16.854,10.72,31.207,30.227,0.086991,0.24559,0.17686,1.3051,5.2413,21.532,18.794,26.567,12.279,3.0893,5.7464,18.953,5.666,0.41321,2.2702,3.1721,2.1154,7.7148,5.2708,1.7661,0.4938,0.78564,0.50358,1.3238,1.043,3.7181,9.3604,5.4686,3.0574,2.3408,2.0191,3.1519,4.3276,3.6532,0.97257,2.0491,4.7562,2.5427,18.318,0.12322,0.93088,0.5344,0.40191,1.5565,0.76599,1.9996,3.6068,19.54,0.75368,0.4754,0.90887,0.10131,0.1043,0.29548,0.12718,0.089419,0.13095,0.23705,0.29291,0.30738,0.16058,0.13562,0.05996,0.16137,0.16156,0.11358,0.098804,0.077953,0.22098,0.070234
20.012,18.012,15.593,11.374,4.315,8.8338,25.689,11.568,1.7762,7.4372,7.582,4.7449,10.062,9.6735,4.6514,2.2253,4.6639,4.7952,7.478,3.2875,8.7378,18.391,19.786,19.011,13.87,17.633,24.978,29.374,24.649,9.3852,12.972,27.809,14.523,43.514,10.67,47.243,29.46,6.7943,14.109,10.144,17.495,19.105,48.025,11.257,10.529,17.343,3.4268,5.2686,17.035,9.3508,4.9046,6.8452,14.883,13.552,11.66,9.2217,11.177,6.6533,14.071,12.3,7.3069,14.584,13.339,28.446,5.7043,5.838,8.5151,15.663,19.637,2.274,3.3716,10.673,3.3017,9.4217,87.323,64.69,22.854,58.004,17.288,9.4831,6.0796,7.0036,1.4284,4.709,2.2981,7.7024,9.0872,8.1003,4.9178,2.7308,3.0777,3.1309,4.6693,3.6551,0.88384,1.8537,3.7028,1.9543,11.227,0.23688,1.7775,1.0235,0.36861,1.1848,0.72264,1.6408,2.6397,12.03,1.0828,0.9763,2.627,0.74944,1.5331,12.029,11.504,9.8426,5.9466,49.409,76.542,59.154,26.436,18.569,11.559,33.119,31.936,0.10722,0.2967,0.21559,1.5701,5.8117,24.028,20.266,27.938,12.757,3.3548,6.288,20.578,6.2536,0.38206,2.0702,2.9471,2.0311,7.2904,5.4681,1.8293,0.49713,0.81013,0.56451,1.4394,1.1377,4.0102,10.208,6.0144,3.4315,2.674,2.3346,3.848,5.1187,4.3509,1.1845,2.3529,5.9233,3.1589,22.27,0.1543,1.1783,0.67658,0.51186,1.9531,0.96341,2.4779,4.4475,23.608,0.90511,0.58184,1.0767,0.1207,0.12391,0.33576,0.13831,0.09404,0.14694,0.23181,0.27922,0.2896,0.15614,0.14037,0.063489,0.17054,0.16855,0.13456,0.11975,0.093653,0.27096,0.077159
17.208,15.69,13.111,9.5428,3.8138,7.8742,22.818,10.506,1.569,6.4696,6.3918,3.9991,8.2904,8.3555,4.0627,2.0098,4.2987,4.5686,6.965,2.9914,7.783,16.512,18.252,17.894,13.072,16.773,23.574,27.633,23.209,8.9552,12.311,25.775,13.466,37.888,10.53,46.318,28.931,6.5662,13.391,9.7371,16.589,17.68,42.178,10.85,10.184,16.662,3.2768,5.0042,15.611,8.3345,4.2827,6.2294,12.55,11.113,9.2958,7.6309,9.6105,5.8151,12.166,10.587,7.2423,14.436,13.214,27.94,5.1435,6.3312,9.4643,17.062,21.181,2.5254,3.7975,11.946,3.7595,9.6621,88.531,66.169,23.726,60.32,18.484,10.033,6.2916,7.3366,1.5811,5.0874,2.4972,8.3833,10.115,9.041,5.6038,3.15,3.5711,3.7583,5.5254,4.3041,1.0643,2.153,4.4665,2.3422,12.826,0.29505,2.2226,1.2707,0.45295,1.4352,0.88089,1.991,3.1415,13.699,1.2793,1.1567,3.0415,0.86189,1.7521,13.36,12.507,10.479,6.5382,51.837,79.207,61.773,28.13,20.164,12.346,34.863,33.471,0.13061,0.35579,0.2611,1.8757,6.3599,26.446,21.62,29.044,13.088,3.6025,6.8052,22.1,6.8278,0.35932,1.9301,2.7619,1.9485,6.8766,5.6197,1.8829,0.50522,0.84172,0.63285,1.5622,1.2309,4.2823,11.015,6.5647,3.8332,3.0349,2.6899,4.6529,6.0096,5.1356,1.4289,2.6786,7.2517,3.8556,26.429,0.19237,1.4803,0.8502,0.64268,2.4064,1.1935,3.0275,5.384,27.871,1.0782,0.70609,1.2658,0.14266,0.14605,0.37817,0.14954,0.098811,0.16351,0.22747,0.26925,0.27464,0.15106,0.14322,0.066432,0.17866,0.1746,0.15885,0.14444,0.11206,0.32959,0.084101
14.622,13.556,10.966,7.9695,3.3437,6.9595,20.119,9.4705,1.3927,5.6604,5.4109,3.376,6.8499,7.1907,3.5374,1.8155,3.9571,4.3312,6.4587,2.7061,6.8901,14.718,16.73,16.732,12.231,15.841,22.012,25.74,21.651,8.4768,11.616,23.572,12.329,32.451,10.371,45.243,28.32,6.3079,12.611,9.285,15.59,16.177,36.541,10.404,9.8045,15.936,3.1201,4.7326,14.234,7.3972,3.7349,5.6438,10.594,9.1456,7.4131,6.2859,8.1889,5.0409,10.447,9.0596,7.1711,14.275,13.08,27.383,4.6148,6.7286,10.371,18.386,22.598,2.7683,4.2153,13.183,4.2179,9.8639,89.532,67.398,24.467,62.262,19.564,10.526,6.4783,7.6396,1.7376,5.4543,2.689,9.0262,11.116,9.9779,6.3135,3.59,4.0982,4.4384,6.4406,4.9926,1.2619,2.4704,5.2587,2.7401,14.163,0.36506,2.7567,1.5657,0.54754,1.698,1.0542,2.3675,3.6446,15.097,1.4949,1.3559,3.4853,0.97982,1.978,14.649,13.433,11.041,7.1009,53.885,81.387,63.895,29.573,21.613,13.071,36.425,34.829,0.15728,0.42355,0.31412,2.2248,6.8769,28.735,22.831,29.888,13.286,3.8279,7.2873,23.494,7.3771,0.34422,1.8373,2.6135,1.8726,6.497,5.7321,1.9282,0.51764,0.88046,0.70887,1.6915,1.3209,4.5314,11.768,7.1113,4.2597,3.4203,3.0852,5.5626,6.9937,5.9996,1.7049,3.0229,8.718,4.6196,30.651,0.23866,1.8445,1.0597,0.7946,2.9101,1.4549,3.6432,6.3953,32.186,1.273,0.84885,1.4761,0.16724,0.17082,0.42273,0.16111,0.10394,0.18067,0.22506,0.26339,0.26338,0.14629,0.14464,0.068839,0.18585,0.17989,0.18671,0.17333,0.13355,0.39757,0.091146
12.299,11.632,9.137,6.6349,2.9108,6.1046,17.625,8.4795,1.241,4.9755,4.5987,2.8558,5.6775,6.1709,3.072,1.6394,3.6362,4.0837,5.9618,2.4345,6.0663,13.035,15.24,15.539,11.358,14.845,20.321,23.729,20.005,7.957,10.896,21.27,11.151,27.429,10.19,44.001,27.616,6.0221,11.79,8.7951,14.521,14.648,31.331,9.9244,9.3928,15.171,2.9583,4.4572,12.925,6.5454,3.2567,5.0945,8.9633,7.562,5.9263,5.1654,6.9253,4.3377,8.9186,7.7146,7.0931,14.101,12.934,26.771,4.1241,7.024,11.226,19.639,23.891,2.9998,4.6181,14.367,4.6686,10.034,90.369,68.422,25.094,63.885,20.531,10.967,6.6433,7.916,1.8972,5.8081,2.872,9.6258,12.077,10.898,7.0368,4.0432,4.6519,5.1521,7.3923,5.7021,1.472,2.8011,6.0402,3.1282,15.138,0.44865,3.39,1.9141,0.65039,1.9625,1.238,2.7577,4.1228,16.13,1.7273,1.5717,3.9536,1.1015,2.2069,15.874,14.275,11.532,7.6281,55.602,83.17,65.604,30.785,22.902,13.727,37.804,36.012,0.18729,0.50064,0.3754,2.62,7.3567,30.857,23.887,30.486,13.368,4.0281,7.726,24.742,7.8921,0.33573,1.7813,2.4972,1.8059,6.1615,5.8116,1.9663,0.53375,0.92594,0.79255,1.8261,1.4067,4.7554,12.455,7.6468,4.7073,3.8259,3.5187,6.5661,8.0588,6.9303,2.0098,3.3814,10.289,5.4332,34.809,0.29446,2.2779,1.3093,0.96677,3.4551,1.745,4.3155,7.4563,36.433,1.4887,1.0101,1.707,0.19443,0.19826,0.46951,0.17324,0.10955,0.19841,0.22508,0.2615,0.2559,0.14241,0.14517,0.07079,0.19228,0.18461,0.21836,0.20691,0.15849,0.47546,0.098387
10.259,9.9245,7.5952,5.5139,2.5184,5.3198,15.357,7.5466,1.1092,4.3888,3.9226,2.4211,4.7211,5.2848,2.6624,1.479,3.3336,3.8277,5.477,2.1789,5.3155,11.479,13.801,14.328,10.467,13.8,18.543,21.646,18.31,7.4061,10.161,18.95,9.9695,22.964,9.9841,42.578,26.812,5.7132,10.948,8.2768,13.409,13.142,26.682,9.4142,8.9519,14.373,2.7933,4.1815,11.697,5.7802,2.8414,4.5855,7.6088,6.2867,4.7568,4.2417,5.8215,3.7083,7.5746,6.5423,7.0081,13.912,12.777,26.103,3.6744,7.2204,12.025,20.831,25.067,3.2181,5.0008,15.486,5.1048,10.179,91.077,69.279,25.623,65.239,21.391,11.358,6.7897,8.1686,2.0586,6.1472,3.0449,10.179,12.986,11.789,7.7628,4.5014,5.2228,5.8745,8.3531,6.4112,1.6889,3.1397,6.7703,3.487,15.699,0.54758,4.131,2.3209,0.75873,2.2175,1.427,3.1473,4.5522,16.748,1.973,1.8016,4.4405,1.225,2.4353,17.02,15.031,11.96,8.1159,57.038,84.632,66.98,31.794,24.029,14.311,39.004,37.029,0.22058,0.58774,0.44566,3.0636,7.7959,32.791,24.783,30.858,13.351,4.2012,8.1161,25.834,8.3657,0.33281,1.7536,2.4078,1.749,5.8714,5.8637,1.9983,0.55282,0.97738,0.88354,1.9645,1.487,4.9534,13.069,8.1646,5.1714,4.2463,3.9865,7.646,9.1874,7.9115,2.3396,3.7496,11.926,6.277,38.815,0.36106,2.7861,1.6024,1.1574,4.0309,2.0596,5.0319,8.5419,40.528,1.7236,1.1891,1.9572,0.22414,0.22838,0.51861,0.18612,0.1157,0.21672,0.22767,0.26318,0.25182,0.13973,0.14528,0.072385,0.1981,0.18896,0.25393,0.24566,0.18729,0.56357,0.10591
8.5014,8.4309,6.3057,4.579,2.1677,4.6105,13.323,6.6815,0.9933,3.8808,3.3565,2.0571,3.9383,4.5193,2.3037,1.3325,3.0479,3.5652,5.0074,1.9411,4.6385,10.06,12.428,13.118,9.572,12.72,16.728,19.54,16.606,6.8358,9.4218,16.688,8.8213,19.115,9.7496,40.964,25.899,5.3868,10.106,7.7405,12.282,11.701,22.644,8.8802,8.4865,13.551,2.6267,3.9086,10.559,5.0989,2.482,4.1185,6.4839,5.2567,3.8375,3.4855,4.8711,3.1524,6.4056,5.5298,6.9162,13.708,12.606,25.376,3.2667,7.328,12.769,21.974,26.135,3.4226,5.3606,16.534,5.5212,10.303,91.683,70,26.071,66.373,22.152,11.703,6.9199,8.4,2.2204,6.4702,3.2068,10.686,13.838,12.641,8.4801,4.9555,5.7999,6.5783,9.2931,7.0976,1.9059,3.4806,7.4121,3.7996,15.842,0.66356,4.986,2.7899,0.8694,2.4533,1.6154,3.5216,4.9142,16.948,2.228,2.0421,4.9395,1.3488,2.6598,18.079,15.703,12.331,8.5624,58.24,85.837,68.093,32.63,25.002,14.823,40.034,37.893,0.25706,0.68551,0.52565,3.557,8.1935,34.525,25.522,31.026,13.254,4.3469,8.455,26.768,8.7933,0.33445,1.7476,2.3405,1.7015,5.6229,5.8931,2.0246,0.57414,1.0338,0.98115,2.1051,1.561,5.125,13.608,8.6592,5.6464,4.6756,4.4831,8.7808,10.359,8.925,2.6886,4.1225,13.591,7.1323,42.614,0.43966,3.3723,1.9419,1.3639,4.6271,2.3938,5.7789,9.6298,44.421,1.9754,1.3845,2.2247,0.25626,0.26109,0.57009,0.19986,0.12241,0.23558,0.23274,0.2679,0.25059,0.13833,0.14533,0.07372,0.20347,0.19309,0.29352,0.29006,0.22035,0.662,0.11377
7.0121,7.1391,5.2335,3.8031,1.858,3.9779,11.519,5.8894,0.89038,3.4367,2.88,1.7515,3.2953,3.861,1.9907,1.1985,2.7779,3.299,4.5556,1.7218,4.0338,8.781,11.131,11.925,8.6886,11.626,14.925,17.464,14.931,6.2591,8.6876,14.544,7.7348,15.871,9.4843,39.157,24.876,5.0491,9.2807,7.1966,11.167,10.353,19.205,8.3294,8.0024,12.713,2.4602,3.6412,9.5144,4.4964,2.1713,3.6933,5.548,4.4214,3.1137,2.8692,4.0622,2.6672,5.398,4.662,6.8176,13.487,12.421,24.59,2.9005,7.3615,13.465,23.081,27.108,3.6134,5.6965,17.51,5.9148,10.41,92.206,70.611,26.45,67.325,22.824,12.007,7.0362,8.6121,2.3807,6.7759,3.3572,11.146,14.629,13.447,9.1776,5.3969,6.3709,7.2362,10.183,7.7406,2.1163,3.8181,7.937,4.0536,15.602,0.79812,5.9577,3.3238,0.9791,2.6622,1.798,3.8677,5.1974,16.768,2.488,2.2892,5.4438,1.4713,2.8779,19.046,16.297,12.652,8.9675,59.249,86.838,68.998,33.32,25.83,15.265,40.907,38.619,0.29653,0.79462,0.61604,4.1009,8.5499,36.06,26.111,31.013,13.092,4.4655,8.7422,27.549,9.1727,0.33973,1.7578,2.2907,1.6623,5.4095,5.9033,2.046,0.597,1.0942,1.0844,2.2461,1.6282,5.2709,14.07,9.1265,6.1266,5.1075,5.0014,9.9475,11.553,9.9527,3.0511,4.4954,15.251,7.9832,46.183,0.5313,4.0367,2.3286,1.5832,5.234,2.7425,6.5428,10.702,48.093,2.241,1.5942,2.5071,0.29056,0.29628,0.62397,0.21451,0.12965,0.25498,0.24008,0.27511,0.25162,0.13816,0.1456,0.074888,0.20852,0.19711,0.33714,0.34054,0.25807,0.77051,0.12201
5.7662,6.0317,4.3453,3.1612,1.5873,3.4202,9.9334,5.1721,0.79822,3.0456,2.4767,1.4941,2.7651,3.2968,1.7185,1.0757,2.523,3.0321,4.1243,1.5214,3.4978,7.639,9.92,10.766,7.8304,10.538,13.182,15.463,13.32,5.6881,7.9683,12.565,6.7299,13.176,9.186,37.163,23.741,4.7064,8.4853,6.6548,10.085,9.1153,16.308,7.7698,7.5058,11.87,2.2954,3.3814,8.5623,3.9662,1.9028,3.3089,4.767,3.7401,2.5419,2.3678,3.3803,2.2479,4.5363,3.9229,6.7125,13.249,12.22,23.747,2.5736,7.3375,14.118,24.165,27.998,3.7913,6.0089,18.417,6.2838,10.504,92.663,71.132,26.773,68.132,23.417,12.275,7.1404,8.8068,2.5378,7.0633,3.4962,11.563,15.36,14.2,9.8445,5.8173,6.9234,7.8237,10.995,8.3225,2.3139,4.1472,8.3272,4.2418,15.042,0.95247,7.0439,3.9231,1.0848,2.8393,1.97,4.1751,5.3975,16.269,2.7484,2.5389,5.9464,1.591,3.0875,19.921,16.818,12.931,9.3324,60.098,87.676,69.74,33.891,26.53,15.644,41.64,39.221,0.33876,0.91567,0.7175,4.6952,8.8669,37.405,26.559,30.839,12.877,4.5582,8.9793,28.185,9.5037,0.34785,1.7798,2.2543,1.6299,5.2245,5.8971,2.0626,0.62077,1.1574,1.1921,2.3861,1.6884,5.392,14.459,9.5636,6.6062,5.5363,5.5337,11.124,12.748,10.978,3.4208,4.864,16.877,8.8167,49.515,0.63667,4.7751,2.762,1.8121,5.8434,3.1006,7.3112,11.746,51.535,2.517,1.8158,2.8014,0.32681,0.33374,0.6802,0.2301,0.13738,0.27487,0.24942,0.28432,0.25439,0.13907,0.14625,0.075966,0.21338,0.20112,0.38475,0.39748,0.30083,0.88851,0.13065
4.7345,5.0892,3.6112,2.6309,1.3527,2.9329,8.5501,4.5284,0.71513,2.6989,2.1337,1.2767,2.3263,2.8144,1.4824,0.96321,2.2829,2.768,3.7158,1.3397,3.0261,6.6277,8.7999,9.6536,7.0094,9.4743,11.537,13.576,11.8,5.1339,7.272,10.777,5.8183,10.957,8.8538,34.999,22.501,4.3642,7.7289,6.1233,9.0565,7.9964,13.883,7.2091,7.0034,11.029,2.1336,3.1308,7.6995,3.501,1.6707,2.9629,4.113,3.1813,2.088,1.9601,2.8094,1.8886,3.8042,3.2967,6.6014,12.992,12.003,22.847,2.2836,7.2725,14.737,25.238,28.817,3.9577,6.2995,19.26,6.6279,10.586,93.065,71.58,27.05,68.82,23.943,12.511,7.2339,8.9853,2.6894,7.3312,3.6239,11.94,16.032,14.896,10.471,6.2099,7.4456,8.3218,11.709,8.83,2.4935,4.4633,8.5759,4.3625,14.24,1.1273,8.2373,4.5858,1.1839,2.9822,2.1278,4.4367,5.5164,15.527,3.0046,2.7871,6.4408,1.7069,3.287,20.709,17.274,13.172,9.6591,60.817,88.382,70.354,34.363,27.117,15.963,42.247,39.716,0.38346,1.0492,0.83061,5.3388,9.1473,38.572,26.878,30.522,12.621,4.6266,9.1688,28.688,9.7877,0.3581,1.8103,2.228,1.6028,5.0616,5.8768,2.0748,0.6449,1.2223,1.3028,2.5234,1.7415,5.4896,14.778,9.9691,7.0798,5.9568,6.0721,12.29,13.927,11.988,3.792,5.2243,18.452,9.6233,52.608,0.75606,5.5789,3.2389,2.0475,6.4483,3.4633,8.0734,12.752,54.745,2.8001,2.0467,3.1046,0.3647,0.37324,0.73867,0.24658,0.14553,0.29522,0.26049,0.29509,0.25841,0.1409,0.14734,0.077012,0.21813,0.20516,0.43627,0.46118,0.34896,1.015,0.13968
3.8865,4.2912,3.0052,2.1931,1.1508,2.5102,7.35,3.9551,0.63988,2.3903,1.8408,1.0925,1.9618,2.4027,1.278,0.86033,2.0577,2.51,3.332,1.176,2.6132,5.7379,7.7729,8.6016,6.2354,8.4535,10.018,11.831,10.39,4.6052,6.6057,9.1909,5.0042,9.1364,8.4878,32.69,21.166,4.0275,7.0171,5.609,8.0921,6.9955,11.854,6.6547,6.5016,10.2,1.9761,2.8908,6.9207,3.0938,1.4698,2.6527,3.563,2.7201,1.726,1.6283,2.334,1.583,3.1855,2.7685,6.4846,12.716,11.769,21.896,2.0271,7.1819,15.331,26.313,29.576,4.1143,6.5704,20.047,6.9478,10.659,93.421,71.968,27.288,69.414,24.409,12.718,7.318,9.1485,2.8336,7.5791,3.7408,12.28,16.649,15.534,11.051,6.569,7.927,8.7179,12.309,9.2548,2.6511,4.7625,8.6862,4.4183,13.277,1.3229,9.525,5.307,1.2746,3.0914,2.269,4.6488,5.5611,14.62,3.2525,3.03,6.9209,1.8179,3.4753,21.413,17.672,13.381,9.9503,61.429,88.984,70.867,34.756,27.606,16.23,42.745,40.118,0.43031,1.1956,0.95586,6.0293,9.3941,39.578,27.078,30.075,12.33,4.6724,9.3142,29.068,10.027,0.36988,1.8465,2.2089,1.5796,4.915,5.8439,2.0827,0.66893,1.2879,1.4152,2.657,1.7876,5.5653,15.033,10.343,7.5429,6.3648,6.6094,13.432,15.079,12.97,4.16,5.5732,19.961,10.396,55.457,0.88914,6.4344,3.7535,2.2863,7.0427,3.8262,8.8207,13.713,57.718,3.0868,2.2839,3.4135,0.40391,0.41448,0.7992,0.2639,0.15405,0.31597,0.27302,0.30703,0.26332,0.14348,0.14891,0.078072,0.22284,0.20928,0.49157,0.53181,0.40271,1.1486,0.14909
3.1932,3.6182,2.5051,1.8315,0.9779,2.1458,6.3132,3.4476,0.57154,2.1147,1.5898,0.93614,1.6581,2.0517,1.1014,0.7664,1.8474,2.2613,2.9742,1.0296,2.2535,4.959,6.839,7.6191,5.5154,7.4896,8.6406,10.245,9.1011,4.1086,5.9746,7.8038,4.2866,7.6425,8.0895,30.273,19.752,3.7001,6.3528,5.1168,7.2001,6.1076,10.154,6.1131,6.0064,9.3918,1.8238,2.6621,6.2194,2.7375,1.2956,2.3753,3.0984,2.3371,1.4353,1.3579,1.9398,1.3246,2.665,2.3243,6.3626,12.42,11.517,20.897,1.801,7.0784,15.91,27.398,30.286,4.2627,6.8246,20.783,7.245,10.723,93.739,72.306,27.494,69.931,24.826,12.902,7.3935,9.2974,2.9686,7.8065,3.8474,12.588,17.217,16.112,11.576,6.8908,8.3595,9.0061,12.787,9.5935,2.7843,5.042,8.6692,4.4152,12.229,1.5384,10.889,6.0791,1.3556,3.1688,2.3922,4.8108,5.5421,13.625,3.4887,3.2641,7.3814,1.9233,3.6518,22.041,18.019,13.563,10.209,61.952,89.5,71.301,35.083,28.012,16.451,43.149,40.44,0.479,1.3553,1.0936,6.7634,9.6105,40.438,27.171,29.511,12.012,4.6976,9.4191,29.339,10.225,0.38268,1.8861,2.1947,1.5592,4.7803,5.7995,2.0865,0.69247,1.3532,1.5279,2.7856,1.827,5.6208,15.23,10.684,7.9918,6.7569,7.1395,14.538,16.194,13.918,4.5203,5.908,21.395,11.13,58.058,1.035,7.3234,4.2975,2.5257,7.6217,4.1856,9.546,14.624,60.448,3.3739,2.5248,3.7249,0.44407,0.45713,0.8615,0.28195,0.16286,0.33706,0.28675,0.31985,0.26882,0.14664,0.15094,0.079173,0.22755,0.21346,0.55047,0.60942,0.46225,1.2875,0.15883
2.628,3.052,2.092,1.5325,0.83051,1.833,5.4202,3.0006,0.50941,1.8682,1.374,0.80299,1.4042,1.7526,0.94896,0.68087,1.6521,2.0245,2.6433,0.89921,1.9413,4.2801,5.996,6.7124,4.8538,6.5931,7.4127,8.8252,7.9378,3.6485,5.3826,6.6051,3.6607,6.4142,7.6621,27.793,18.279,3.3852,5.7366,4.6505,6.3838,5.3246,8.7227,5.5899,5.5232,8.6107,1.6777,2.4453,5.5889,2.4257,1.1441,2.1276,2.7041,2.0171,1.2007,1.1368,1.6137,1.1071,2.2286,1.9518,6.236,12.105,11.247,19.858,1.6019,6.9725,16.481,28.503,30.955,4.4047,7.0648,21.478,7.5215,10.781,94.024,72.604,27.674,70.387,25.2,13.066,7.4615,9.4326,3.0928,8.0133,3.9446,12.867,17.739,16.632,12.043,7.173,8.737,9.1866,13.141,9.8467,2.8922,5.2998,8.5418,4.3619,11.163,1.7726,12.306,6.8917,1.4264,3.2182,2.4972,4.9249,5.4712,12.605,3.7104,3.4868,7.818,2.0226,3.8163,22.598,18.321,13.721,10.438,62.402,89.947,71.67,35.358,28.349,16.633,43.474,40.696,0.52917,1.5283,1.2441,7.5363,9.8,41.17,27.166,28.841,11.671,4.7038,9.4872,29.51,10.384,0.39607,1.9273,2.1835,1.5405,4.6537,5.7446,2.0864,0.71522,1.4175,1.6397,2.9086,1.8601,5.6579,15.374,10.996,8.424,7.131,7.6577,15.602,17.267,14.826,4.8698,6.2268,22.749,11.822,60.408,1.1918,8.2243,4.86,2.7632,8.1809,4.5379,10.244,15.482,62.93,3.6583,2.7667,4.0358,0.48482,0.50083,0.92524,0.30063,0.1719,0.35841,0.30145,0.33327,0.27467,0.15024,0.15336,0.080329,0.23225,0.21772,0.61278,0.69386,0.52762,1.4294,0.16886
2.1681,2.5763,1.7506,1.2849,0.70524,1.5653,4.6527,2.6085,0.45295,1.6477,1.1881,0.68941,1.1913,1.498,0.81748,0.60323,1.4716,1.8019,2.3396,0.78365,1.6712,3.6903,5.2403,5.8848,4.2527,5.7709,6.3327,7.5696,6.899,3.227,4.8319,5.5788,3.1192,5.4008,7.2102,25.297,16.775,3.085,5.1681,4.2123,5.6435,4.6371,7.5129,5.0899,5.0566,7.863,1.5384,2.2407,5.0224,2.1525,1.0122,1.9066,2.3679,1.7481,1.01,0.95564,1.3443,0.92474,1.8636,1.6399,6.1052,11.772,10.96,18.787,1.4266,6.8722,17.053,29.635,31.591,4.5421,7.2941,22.139,7.7794,10.833,94.281,72.868,27.833,70.793,25.54,13.212,7.5225,9.5547,3.205,8.1996,4.0331,13.121,18.221,17.095,12.451,7.4149,9.0561,9.265,13.373,10.019,2.975,5.5349,8.3237,4.2679,10.129,2.0232,13.753,7.7321,1.487,3.2439,2.5846,4.9951,5.361,11.612,3.9155,3.6957,8.2271,2.1155,3.9687,23.093,18.585,13.859,10.641,62.791,90.338,71.989,35.589,28.628,16.78,43.73,40.895,0.58052,1.7145,1.4074,8.3424,9.9656,41.787,27.07,28.071,11.311,4.6928,9.5219,29.594,10.508,0.40972,1.9689,2.1738,1.5227,4.5323,5.6798,2.0824,0.73692,1.4802,1.7496,3.0254,1.8872,5.678,15.471,11.279,8.8382,7.4857,8.1607,16.619,18.298,15.692,5.2059,6.5283,24.02,12.468,62.505,1.3573,9.1136,5.4283,2.9965,8.7164,4.8802,10.91,16.284,65.161,3.9376,3.007,4.3435,0.52581,0.54521,0.99002,0.3198,0.18109,0.37992,0.31691,0.34709,0.2807,0.15416,0.15613,0.081545,0.23695,0.222,0.67828,0.78479,0.59874,1.5718,0.17911
1.7938,2.177,1.4679,1.0795,0.59898,1.3366,3.9939,2.2654,0.40172,1.4505,1.0275,0.59232,1.0124,1.281,0.70414,0.53299,1.306,1.595,2.0628,0.68166,1.4379,3.1792,4.5671,5.1371,3.7117,5.0261,5.3934,6.4713,5.9797,2.8448,4.3236,4.7063,2.6539,4.5615,6.7395,22.835,15.266,2.801,4.6457,3.8035,4.977,4.0354,6.4854,4.6163,4.6103,7.1531,1.4063,2.0484,4.5134,1.9129,0.89707,1.7093,2.08,1.5206,0.85402,0.8066,1.122,0.77235,1.559,1.3791,5.971,11.42,10.655,17.694,1.2723,6.7834,17.633,30.801,32.202,4.6765,7.5153,22.773,8.0212,10.879,94.515,73.105,27.974,71.159,25.85,13.343,7.5774,9.6643,3.3044,8.366,4.1136,13.354,18.668,17.504,12.799,7.6172,9.3154,9.2504,13.491,10.116,3.0342,5.7469,8.036,4.1432,9.1642,2.2874,15.203,8.5864,1.5378,3.2506,2.6555,5.0267,5.2233,10.682,4.1027,3.8892,8.6064,2.2016,4.1093,23.531,18.815,13.981,10.821,63.129,90.681,72.267,35.786,28.858,16.899,43.93,41.047,0.63273,1.9136,1.5833,9.175,10.11,42.304,26.891,27.21,10.932,4.6659,9.5263,29.599,10.601,0.42333,2.0096,2.1645,1.505,4.4138,5.6057,2.0747,0.75742,1.5407,1.8568,3.1358,1.9089,5.6827,15.525,11.535,9.2338,7.8206,8.6465,17.587,19.285,16.512,5.5266,6.8117,25.204,13.069,64.355,1.5285,9.9674,5.9886,3.2234,9.225,5.21,11.54,17.026,67.144,4.2095,3.2435,4.6455,0.56669,0.58989,1.0554,0.33932,0.19037,0.40148,0.33291,0.3611,0.28674,0.15828,0.15917,0.082816,0.24162,0.22629,0.74676,0.88171,0.67534,1.712,0.18951
1.4889,1.8418,1.2334,0.90871,0.50895,1.1416,3.4289,1.9661,0.35534,1.2744,0.88865,0.5092,0.86156,1.0961,0.60648,0.46968,1.1548,1.4049,1.8124,0.59194,1.2368,2.7371,3.9706,4.4676,3.229,4.3587,4.5837,5.5188,5.1719,2.5009,3.8577,3.9684,2.256,3.8635,6.2571,20.453,13.78,2.5342,4.1673,3.4247,4.3805,3.5099,5.6088,4.1716,4.1873,6.4846,1.2819,1.8683,4.0558,1.7023,0.79623,1.5332,1.8322,1.3273,0.7257,0.68353,0.93846,0.64525,1.3051,1.1612,5.8337,11.051,10.333,16.589,1.1362,6.71,18.228,32.004,32.792,4.8094,7.7311,23.387,8.2493,10.921,94.727,73.318,28.1,71.493,26.137,13.462,7.6266,9.7622,3.3905,8.5129,4.1871,13.569,19.085,17.862,13.087,7.7815,9.5158,9.1547,13.504,10.147,3.0717,5.9363,7.699,3.997,8.289,2.5615,16.633,9.4405,1.5799,3.2428,2.7116,5.0259,5.0686,9.8363,4.2713,4.0665,8.9544,2.2811,4.2384,23.919,19.016,14.087,10.979,63.425,90.985,72.511,35.954,29.049,16.993,44.083,41.161,0.6855,2.1251,1.7715,10.026,10.237,42.734,26.635,26.263,10.539,4.6244,9.5033,29.532,10.664,0.4367,2.0487,2.1547,1.487,4.2966,5.5228,2.0634,0.77659,1.5987,1.9607,3.2397,1.9256,5.6734,15.542,11.767,9.6112,8.1357,9.1142,18.506,20.231,17.288,5.8308,7.0765,26.301,13.623,65.97,1.7018,10.764,6.5271,3.4422,9.7042,5.5253,12.134,17.709,68.889,4.472,3.4742,4.9397,0.60712,0.63447,1.1209,0.35903,0.19967,0.42298,0.34927,0.37514,0.29269,0.16253,0.16242,0.084133,0.24622,0.23054,0.81795,0.98386,0.75703,1.8471,0.19998
1.24,1.5601,1.0384,0.76641,0.43272,0.97541,2.9444,1.7054,0.31348,1.1174,0.76845,0.43793,0.73414,0.93852,0.52234,0.41282,1.0177,1.2319,1.5872,0.51326,1.0637,2.3554,3.4447,3.8727,2.8015,3.7661,3.8905,4.6981,4.4662,2.1937,3.4332,3.3466,1.9169,3.2808,5.7704,18.189,12.343,2.2853,3.7305,3.0753,3.8492,3.0519,4.858,3.7572,3.7895,5.8595,1.1652,1.7002,3.6442,1.5168,0.70769,1.3758,1.618,1.162,0.61946,0.58148,0.78678,0.53937,1.0936,0.97901,5.6939,10.667,9.9964,15.483,1.0161,6.6545,18.844,33.247,33.368,4.9422,7.9439,23.989,8.4662,10.958,94.921,73.512,28.215,71.801,26.405,13.571,7.6708,9.8489,3.4633,8.6415,4.2544,13.769,19.478,18.173,13.319,7.9105,9.6598,8.991,13.425,10.122,3.0902,6.104,7.3309,3.8373,7.5118,2.842,18.022,10.281,1.614,3.2245,2.7547,4.9988,4.9052,9.0833,4.4214,4.2271,9.2707,2.3539,4.3564,24.263,19.192,14.181,11.12,63.685,91.257,72.728,36.099,29.207,17.067,44.197,41.243,0.73856,2.3482,1.9713,10.888,10.348,43.088,26.304,25.236,10.131,4.5695,9.4549,29.401,10.702,0.44965,2.0857,2.1438,1.4684,4.1793,5.4313,2.0487,0.79436,1.6539,2.061,3.3371,1.9376,5.6512,15.525,11.976,9.9711,8.4315,9.5639,19.375,21.137,18.018,6.1174,7.3225,27.312,14.13,67.368,1.8735,11.484,7.031,3.6512,10.152,5.8243,12.688,18.333,70.413,4.7239,3.6973,5.2243,0.64682,0.6786,1.1861,0.37877,0.20891,0.44431,0.3658,0.38908,0.29847,0.16681,0.16581,0.08548,0.25073,0.2347,0.89162,1.0903,0.84319,1.9742,0.21044
1.0365,1.3235,0.87608,0.64769,0.36824,0.83392,2.5295,1.4787,0.27584,0.97781,0.66442,0.3768,0.62638,0.80416,0.44991,0.36197,0.89396,1.0758,1.3859,0.4445,0.91488,2.0264,2.9834,3.348,2.4253,3.2445,3.3009,3.9953,3.8529,1.9208,3.0485,2.8247,1.6291,2.7932,5.2867,16.073,10.977,2.0543,3.3331,2.755,3.3781,2.6533,4.2135,3.3737,3.4181,5.2789,1.0565,1.544,3.274,1.353,0.62981,1.235,1.4322,1.0203,0.53111,0.49663,0.66144,0.45137,0.91767,0.82692,5.552,10.269,9.6454,14.386,0.90986,6.6186,19.486,34.53,33.933,5.0759,8.1559,24.582,8.6741,10.991,95.098,73.689,28.319,72.088,26.657,13.671,7.7103,9.9251,3.523,8.7527,4.3161,13.958,19.85,18.441,13.498,8.0071,9.7508,8.7723,13.266,10.048,3.0925,6.2514,6.947,3.6707,6.832,3.125,19.355,11.097,1.6413,3.1991,2.7866,4.9509,4.7394,8.4238,4.5532,4.3711,9.5552,2.4201,4.464,24.568,19.346,14.264,11.244,63.916,91.501,72.922,36.225,29.338,17.124,44.278,41.298,0.79168,2.5819,2.1821,11.752,10.445,43.374,25.904,24.136,9.7099,4.502,9.3833,29.209,10.715,0.46207,2.1201,2.1313,1.4487,4.061,5.3318,2.0306,0.81072,1.7063,2.1576,3.4283,1.9455,5.6172,15.477,12.165,10.315,8.7089,9.9959,20.195,22.005,18.705,6.3862,7.55,28.237,14.593,68.571,2.0402,12.115,7.4897,3.8493,10.569,6.106,13.204,18.9,71.735,4.9638,3.9115,5.4978,0.68552,0.72196,1.2505,0.3984,0.21804,0.46533,0.38234,0.4028,0.30401,0.17107,0.1693,0.086844,0.25512,0.23875,0.96753,1.2001,0.93314,2.0909,0.22082
