0.001,0.0005,1,8.1403e-09,0.28293
0.001,0.0005,1.1,0.00021829,0.04714
0.001,0.0005,1.2,1.3571e-05,0.0025824
0.001,0.0005,1.3,1.0078e-06,0.00044485
0.001,0.0005,1.4,2.3088e-07,0.00019006
0.001,0.0005,1.5,1.0206e-07,0.00012226
0.001,0.0005,1.6,6.3529e-08,9.5379e-05
0.001,0.0005,1.7,4.7507e-08,8.2129e-05
0.001,0.0005,1.8,3.9415e-08,7.4676e-05
0.001,0.0005,1.9,3.478e-08,7.0092e-05
0.001,0.0005,2,3.1884e-08,6.7083e-05
0.001,0.0005,2.1,2.9965e-08,6.5019e-05
0.001,0.0005,2.2,2.8634e-08,6.3551e-05
0.001,0.0005,2.3,2.768e-08,6.2478e-05
0.001,0.0005,2.4,2.6977e-08,6.1676e-05
0.001,0.0005,2.5,2.6447e-08,6.1065e-05
0.001,0.0005,2.6,2.604e-08,6.0593e-05
0.001,0.0005,2.7,2.5723e-08,6.0222e-05
0.001,0.0005,2.8,2.5472e-08,5.9927e-05
0.001,0.0005,2.9,2.5278e-08,5.9697e-05
0.001,0.0005,3,2.5118e-08,5.9508e-05
0.001,0.0005,3.1,2.4988e-08,5.9354e-05
0.001,0.0005,3.2,2.4882e-08,5.9228e-05
0.001,0.0005,3.3,2.4795e-08,5.9124e-05
0.001,0.0005,3.4,2.4723e-08,5.9039e-05
0.001,0.0005,3.5,2.4663e-08,5.8967e-05
0.001,0.0005,3.6,2.4613e-08,5.8907e-05
0.001,0.0005,3.7,2.457e-08,5.8856e-05
0.001,0.0005,3.8,2.4534e-08,5.8813e-05
0.001,0.0005,3.9,2.4503e-08,5.8776e-05
0.001,0.0005,4,2.4477e-08,5.8744e-05
0.001,0.0005,4.1,2.4454e-08,5.8717e-05
0.001,0.0005,4.2,2.4435e-08,5.8694e-05
0.001,0.0005,4.3,2.4419e-08,5.8675e-05
0.001,0.0005,4.4,2.4405e-08,5.8658e-05
0.001,0.0005,4.5,2.4393e-08,5.8644e-05
0.001,0.0005,4.6,2.4382e-08,5.8631e-05
0.001,0.0005,4.7,2.4372e-08,5.8619e-05
0.001,0.0005,4.8,2.4377e-08,5.8625e-05
0.001,0.0005,4.9,2.4369e-08,5.8616e-05
0.001,0.0005,5,2.4363e-08,5.8608e-05
0.001,0.001,1,1.0301e-15,0.36044
0.001,0.001,1.1,0.00011833,0.12008
0.001,0.001,1.2,1.2548e-05,0.0077191
0.001,0.001,1.3,2.4007e-07,0.00059481
0.001,0.001,1.4,1.4858e-08,0.00012548
0.001,0.001,1.5,2.6403e-09,5.0563e-05
0.001,0.001,1.6,8.902e-10,2.898e-05
0.001,0.001,1.7,4.3818e-10,2.0251e-05
0.001,0.001,1.8,2.7156e-10,1.5921e-05
0.001,0.001,1.9,1.9467e-10,1.3473e-05
0.001,0.001,2,1.5349e-10,1.1961e-05
0.001,0.001,2.1,1.2904e-10,1.0966e-05
0.001,0.001,2.2,1.134e-10,1.028e-05
0.001,0.001,2.3,1.0284e-10,9.7895e-06
0.001,0.001,2.4,9.5411e-11,9.4292e-06
0.001,0.001,2.5,9.0013e-11,9.1585e-06
0.001,0.001,2.6,8.5989e-11,8.9514e-06
0.001,0.001,2.7,8.2927e-11,8.7906e-06
0.001,0.001,2.8,8.0559e-11,8.6641e-06
0.001,0.001,2.9,7.8701e-11,8.5636e-06
0.001,0.001,3,7.7227e-11,8.483e-06
0.001,0.001,3.1,7.6046e-11,8.4179e-06
0.001,0.001,3.2,7.5091e-11,8.3648e-06
0.001,0.001,3.3,7.4314e-11,8.3214e-06
0.001,0.001,3.4,7.3677e-11,8.2857e-06
0.001,0.001,3.5,7.3165e-11,8.2569e-06
0.001,0.001,3.6,7.2735e-11,8.2325e-06
0.001,0.001,3.7,7.2377e-11,8.2123e-06
0.001,0.001,3.8,7.208e-11,8.1954e-06
0.001,0.001,3.9,7.1891e-11,8.1846e-06
0.001,0.001,4,7.1687e-11,8.1731e-06
0.001,0.001,4.1,7.1517e-11,8.1634e-06
0.001,0.001,4.2,7.1374e-11,8.1552e-06
0.001,0.001,4.3,7.1252e-11,8.1482e-06
0.001,0.001,4.4,7.1097e-11,8.1393e-06
0.001,0.001,4.5,7.1019e-11,8.1349e-06
0.001,0.001,4.6,7.0952e-11,8.1311e-06
0.001,0.001,4.7,7.0896e-11,8.1278e-06
0.001,0.001,4.8,7.0848e-11,8.1251e-06
0.001,0.001,4.9,7.0807e-11,8.1227e-06
0.001,0.001,5,7.0772e-11,8.1207e-06
0.001,0.0015,1,7.5766e-24,0.39761
0.001,0.0015,1.1,5.9487e-05,0.18493
0.001,0.0015,1.2,1.7097e-05,0.017485
0.001,0.0015,1.3,2.4408e-07,0.0011109
0.001,0.0015,1.4,8.3684e-09,0.00017307
0.001,0.0015,1.5,9.5413e-10,5.5971e-05
0.001,0.0015,1.6,2.3725e-10,2.7606e-05
0.001,0.0015,1.7,9.4158e-11,1.7341e-05
0.001,0.0015,1.8,4.9806e-11,1.2602e-05
0.001,0.0015,1.9,3.1658e-11,1.0045e-05
0.001,0.0015,2,2.2741e-11,8.5126e-06
0.001,0.0015,2.1,1.7765e-11,7.5237e-06
0.001,0.0015,2.2,1.4724e-11,6.8496e-06
0.001,0.0015,2.3,1.2738e-11,6.3707e-06
0.001,0.0015,2.4,1.1372e-11,6.0195e-06
0.001,0.0015,2.5,1.0395e-11,5.7553e-06
0.001,0.0015,2.6,9.675e-12,5.5523e-06
0.001,0.0015,2.7,9.1302e-12,5.3937e-06
0.001,0.0015,2.8,8.7096e-12,5.268e-06
0.001,0.0015,2.9,8.3795e-12,5.1672e-06
0.001,0.0015,3,8.1168e-12,5.0855e-06
0.001,0.0015,3.1,7.9052e-12,5.0188e-06
0.001,0.0015,3.2,7.7357e-12,4.9647e-06
0.001,0.0015,3.3,7.595e-12,4.9194e-06
0.001,0.0015,3.4,7.4788e-12,4.8816e-06
0.001,0.0015,3.5,7.3822e-12,4.8499e-06
0.001,0.0015,3.6,7.3013e-12,4.8233e-06
0.001,0.0015,3.7,7.2334e-12,4.8008e-06
0.001,0.0015,3.8,7.1761e-12,4.7818e-06
0.001,0.0015,3.9,7.1276e-12,4.7656e-06
0.001,0.0015,4,7.0864e-12,4.7518e-06
0.001,0.0015,4.1,7.0513e-12,4.74e-06
0.001,0.0015,4.2,7.0213e-12,4.7299e-06
0.001,0.0015,4.3,6.9956e-12,4.7213e-06
0.001,0.0015,4.4,6.9736e-12,4.7138e-06
0.001,0.0015,4.5,6.9546e-12,4.7074e-06
0.001,0.0015,4.6,6.9384e-12,4.7019e-06
0.001,0.0015,4.7,6.9245e-12,4.6972e-06
0.001,0.0015,4.8,6.9124e-12,4.6931e-06
0.001,0.0015,4.9,6.9019e-12,4.6895e-06
0.001,0.0015,5,6.8928e-12,4.6864e-06
0.001,0.002,1,4.4178e-22,0.41926
0.001,0.002,1.1,3.0588e-05,0.23516
0.001,0.002,1.2,2.136e-05,0.031241
0.001,0.002,1.3,3.2319e-07,0.0019322
0.001,0.002,1.4,8.0137e-09,0.00025292
0.001,0.002,1.5,6.9079e-10,7.1062e-05
0.001,0.002,1.6,1.4091e-10,3.1758e-05
0.001,0.002,1.7,4.8513e-11,1.8586e-05
0.001,0.002,1.8,2.3076e-11,1.281e-05
0.001,0.002,1.9,1.3513e-11,9.801e-06
0.001,0.002,2,9.0937e-12,8.0399e-06
0.001,0.002,2.1,6.7402e-12,6.9217e-06
0.001,0.002,2.2,5.3519e-12,6.1678e-06
0.001,0.002,2.3,4.4685e-12,5.6357e-06
0.001,0.002,2.4,3.8732e-12,5.2469e-06
0.001,0.002,2.5,3.4537e-12,4.9547e-06
0.001,0.002,2.6,3.1477e-12,4.7301e-06
0.001,0.002,2.7,2.9179e-12,4.5542e-06
0.001,0.002,2.8,2.7415e-12,4.4143e-06
0.001,0.002,2.9,2.6033e-12,4.3017e-06
0.001,0.002,3,2.4934e-12,4.2099e-06
0.001,0.002,3.1,2.4048e-12,4.1344e-06
0.001,0.002,3.2,2.3326e-12,4.0718e-06
0.001,0.002,3.3,2.273e-12,4.0195e-06
0.001,0.002,3.4,2.2236e-12,3.9756e-06
0.001,0.002,3.5,2.1822e-12,3.9384e-06
0.001,0.002,3.6,2.1474e-12,3.9069e-06
0.001,0.002,3.7,2.1179e-12,3.8799e-06
0.001,0.002,3.8,2.0928e-12,3.8569e-06
0.001,0.002,3.9,2.0713e-12,3.837e-06
0.001,0.002,4,2.0529e-12,3.8199e-06
0.001,0.002,4.1,2.0367e-12,3.8048e-06
0.001,0.002,4.2,2.0229e-12,3.7919e-06
0.001,0.002,4.3,2.0114e-12,3.7811e-06
0.001,0.002,4.4,2.001e-12,3.7714e-06
0.001,0.002,4.5,1.992e-12,3.7628e-06
0.001,0.002,4.6,1.9841e-12,3.7553e-06
0.001,0.002,4.7,1.9771e-12,3.7487e-06
0.001,0.002,4.8,1.971e-12,3.7429e-06
0.001,0.002,4.9,1.9656e-12,3.7378e-06
0.001,0.002,5,1.9611e-12,3.7335e-06
0.001,0.0025,1,1.3286e-22,0.4334
0.001,0.0025,1.1,1.6644e-05,0.27331
0.001,0.0025,1.2,2.3951e-05,0.047897
0.001,0.0025,1.3,4.4215e-07,0.0030795
0.001,0.0025,1.4,9.0205e-09,0.00035993
0.001,0.0025,1.5,6.3595e-10,9.1212e-05
0.001,0.0025,1.6,1.1182e-10,3.7836e-05
0.001,0.0025,1.7,3.4562e-11,2.0981e-05
0.001,0.0025,1.8,1.5163e-11,1.3888e-05
0.001,0.0025,1.9,8.3354e-12,1.0296e-05
0.001,0.0025,2,5.3324e-12,8.2344e-06
0.001,0.0025,2.1,3.7921e-12,6.9439e-06
0.001,0.0025,2.2,2.9098e-12,6.0827e-06
0.001,0.0025,2.3,2.3609e-12,5.4791e-06
0.001,0.0025,2.4,1.9975e-12,5.0398e-06
0.001,0.0025,2.5,1.745e-12,4.7104e-06
0.001,0.0025,2.6,1.5626e-12,4.4575e-06
0.001,0.0025,2.7,1.4267e-12,4.2593e-06
0.001,0.0025,2.8,1.323e-12,4.1015e-06
0.001,0.0025,2.9,1.2421e-12,3.9741e-06
0.001,0.0025,3,1.1779e-12,3.87e-06
0.001,0.0025,3.1,1.1262e-12,3.7841e-06
0.001,0.0025,3.2,1.084e-12,3.7126e-06
0.001,0.0025,3.3,1.0492e-12,3.6526e-06
0.001,0.0025,3.4,1.0203e-12,3.6019e-06
0.001,0.0025,3.5,9.9608e-13,3.5589e-06
0.001,0.0025,3.6,9.756e-13,3.5221e-06
0.001,0.0025,3.7,9.5819e-13,3.4905e-06
0.001,0.0025,3.8,9.433e-13,3.4633e-06
0.001,0.0025,3.9,9.3051e-13,3.4397e-06
0.001,0.0025,4,9.1948e-13,3.4193e-06
0.001,0.0025,4.1,9.0992e-13,3.4015e-06
0.001,0.0025,4.2,9.016e-13,3.3859e-06
0.001,0.0025,4.3,8.9435e-13,3.3723e-06
0.001,0.0025,4.4,8.8801e-13,3.3603e-06
0.001,0.0025,4.5,8.8245e-13,3.3497e-06
0.001,0.0025,4.6,8.7755e-13,3.3404e-06
0.001,0.0025,4.7,8.7324e-13,3.3322e-06
0.001,0.0025,4.8,8.6943e-13,3.3249e-06
0.001,0.0025,4.9,8.6593e-13,3.3182e-06
0.001,0.0025,5,8.6295e-13,3.3125e-06
0.001,0.003,1,1.2382e-22,0.44335
0.001,0.003,1.1,9.6168e-06,0.30264
0.001,0.003,1.2,2.4705e-05,0.066332
0.001,0.003,1.3,5.9232e-07,0.0045693
0.001,0.003,1.4,1.0705e-08,0.00049396
0.001,0.003,1.5,6.4608e-10,0.00011541
0.001,0.003,1.6,1.0093e-10,4.5099e-05
0.001,0.003,1.7,2.8598e-11,2.3943e-05
0.001,0.003,1.8,1.1743e-11,1.5333e-05
0.001,0.003,1.9,6.1319e-12,1.1078e-05
0.001,0.003,2,3.7649e-12,8.6801e-06
0.001,0.003,2.1,2.5881e-12,7.1967e-06
0.001,0.003,2.2,1.9298e-12,6.2143e-06
0.001,0.003,2.3,1.5283e-12,5.5302e-06
0.001,0.003,2.4,1.2666e-12,5.0346e-06
0.001,0.003,2.5,1.0871e-12,4.6643e-06
0.001,0.003,2.6,9.5889e-13,4.3805e-06
0.001,0.003,2.7,8.6412e-13,4.1584e-06
0.001,0.003,2.8,7.9217e-13,3.9815e-06
0.001,0.003,2.9,7.3632e-13,3.8386e-06
0.001,0.003,3,6.9214e-13,3.7217e-06
0.001,0.003,3.1,6.5664e-13,3.625e-06
0.001,0.003,3.2,6.2772e-13,3.5443e-06
0.001,0.003,3.3,6.039e-13,3.4764e-06
0.001,0.003,3.4,5.8407e-13,3.4188e-06
0.001,0.003,3.5,5.6743e-13,3.3698e-06
0.001,0.003,3.6,5.5335e-13,3.3277e-06
0.001,0.003,3.7,5.4136e-13,3.2914e-06
0.001,0.003,3.8,5.3108e-13,3.26e-06
0.001,0.003,3.9,5.2223e-13,3.2328e-06
0.001,0.003,4,5.1457e-13,3.209e-06
0.001,0.003,4.1,5.0791e-13,3.1881e-06
0.001,0.003,4.2,5.021e-13,3.1698e-06
0.001,0.003,4.3,4.9701e-13,3.1537e-06
0.001,0.003,4.4,4.9254e-13,3.1395e-06
0.001,0.003,4.5,4.886e-13,3.1269e-06
0.001,0.003,4.6,4.8512e-13,3.1158e-06
0.001,0.003,4.7,4.8204e-13,3.1059e-06
0.001,0.003,4.8,4.7931e-13,3.0971e-06
0.001,0.003,4.9,4.7688e-13,3.0892e-06
0.001,0.003,5,4.7471e-13,3.0822e-06
0.001,0.0035,1,1.7078e-22,0.45072
0.001,0.0035,1.1,5.8677e-06,0.32565
0.001,0.0035,1.2,2.3985e-05,0.085588
0.001,0.0035,1.3,7.6764e-07,0.0064083
0.001,0.0035,1.4,1.2885e-08,0.00065551
0.001,0.0035,1.5,6.8694e-10,0.00014338
0.001,0.0035,1.6,9.7177e-11,5.3279e-05
0.001,0.0035,1.7,2.5581e-11,2.7259e-05
0.001,0.0035,1.8,9.942e-12,1.6983e-05
0.001,0.0035,1.9,4.9711e-12,1.2007e-05
0.001,0.0035,2,2.947e-12,9.2443e-06
0.001,0.0035,2.1,1.9676e-12,7.5535e-06
0.001,0.0035,2.2,1.4321e-12,6.4441e-06
0.001,0.0035,2.3,1.1115e-12,5.6772e-06
0.001,0.0035,2.4,9.0537e-13,5.1238e-06
0.001,0.0035,2.5,7.6542e-13,4.7112e-06
0.001,0.0035,2.6,6.6625e-13,4.3954e-06
0.001,0.0035,2.7,5.9351e-13,4.1485e-06
0.001,0.0035,2.8,5.3861e-13,3.952e-06
0.001,0.0035,2.9,4.9618e-13,3.7931e-06
0.001,0.0035,3,4.6274e-13,3.6631e-06
0.001,0.0035,3.1,4.3593e-13,3.5554e-06
0.001,0.0035,3.2,4.1414e-13,3.4654e-06
0.001,0.0035,3.3,3.962e-13,3.3895e-06
0.001,0.0035,3.4,3.8128e-13,3.3251e-06
0.001,0.0035,3.5,3.6876e-13,3.27e-06
0.001,0.0035,3.6,3.5816e-13,3.2227e-06
0.001,0.0035,3.7,3.4912e-13,3.1818e-06
0.001,0.0035,3.8,3.4137e-13,3.1463e-06
0.001,0.0035,3.9,3.3468e-13,3.1153e-06
0.001,0.0035,4,3.2888e-13,3.0882e-06
0.001,0.0035,4.1,3.2383e-13,3.0643e-06
0.001,0.0035,4.2,3.1941e-13,3.0434e-06
0.001,0.0035,4.3,3.1554e-13,3.0249e-06
0.001,0.0035,4.4,3.1212e-13,3.0084e-06
0.001,0.0035,4.5,3.091e-13,2.9939e-06
0.001,0.0035,4.6,3.0643e-13,2.9809e-06
0.001,0.0035,4.7,3.0405e-13,2.9693e-06
0.001,0.0035,4.8,3.0194e-13,2.9589e-06
0.001,0.0035,4.9,3.0005e-13,2.9497e-06
0.001,0.0035,5,2.9836e-13,2.9414e-06
0.001,0.004,1,3.5815e-22,0.45639
0.001,0.004,1.1,3.7531e-06,0.34407
0.001,0.004,1.2,2.2317e-05,0.10493
0.001,0.004,1.3,9.6185e-07,0.0085929
0.001,0.004,1.4,1.5497e-08,0.00084525
0.001,0.004,1.5,7.458e-10,0.00017493
0.001,0.004,1.6,9.6944e-11,6.2257e-05
0.001,0.004,1.7,2.3956e-11,3.0857e-05
0.001,0.004,1.8,8.873e-12,1.8766e-05
0.001,0.004,1.9,4.2732e-12,1.3021e-05
0.001,0.004,2,2.4579e-12,9.8749e-06
0.001,0.004,2.1,1.6011e-12,7.9701e-06
0.001,0.004,2.2,1.1411e-12,6.7283e-06
0.001,0.004,2.3,8.6963e-13,5.8737e-06
0.001,0.004,2.4,6.9756e-13,5.2606e-06
0.001,0.004,2.5,5.8205e-13,4.8054e-06
0.001,0.004,2.6,5.0082e-13,4.4575e-06
0.001,0.004,2.7,4.4159e-13,4.1856e-06
0.001,0.004,2.8,3.9711e-13,3.9692e-06
0.001,0.004,2.9,3.6289e-13,3.7943e-06
0.001,0.004,3,3.3603e-13,3.6512e-06
0.001,0.004,3.1,3.1456e-13,3.5326e-06
0.001,0.004,3.2,2.9714e-13,3.4334e-06
0.001,0.004,3.3,2.8283e-13,3.3498e-06
0.001,0.004,3.4,2.7095e-13,3.2786e-06
0.001,0.004,3.5,2.6097e-13,3.2177e-06
0.001,0.004,3.6,2.5253e-13,3.1652e-06
0.001,0.004,3.7,2.4533e-13,3.1198e-06
0.001,0.004,3.8,2.3915e-13,3.0803e-06
0.001,0.004,3.9,2.3382e-13,3.0457e-06
0.001,0.004,4,2.2919e-13,3.0154e-06
0.001,0.004,4.1,2.2514e-13,2.9887e-06
0.001,0.004,4.2,2.216e-13,2.9651e-06
0.001,0.004,4.3,2.1849e-13,2.9442e-06
0.001,0.004,4.4,2.1574e-13,2.9256e-06
0.001,0.004,4.5,2.133e-13,2.909e-06
0.001,0.004,4.6,2.1114e-13,2.8942e-06
0.001,0.004,4.7,2.0922e-13,2.881e-06
0.001,0.004,4.8,2.0749e-13,2.8691e-06
0.001,0.004,4.9,2.0595e-13,2.8585e-06
0.001,0.004,5,2.0457e-13,2.8489e-06
0.001,0.0045,1,3.9944e-22,0.4609
0.001,0.0045,1.1,2.4992e-06,0.3591
0.001,0.0045,1.2,2.0162e-05,0.12388
0.001,0.0045,1.3,1.169e-06,0.011114
0.001,0.0045,1.4,1.8511e-08,0.0010638
0.001,0.0045,1.5,8.172e-10,0.00020995
0.001,0.0045,1.6,9.8686e-11,7.1956e-05
0.001,0.0045,1.7,2.3063e-11,3.4676e-05
0.001,0.0045,1.8,8.1901e-12,2.0649e-05
0.001,0.0045,1.9,3.8157e-12,1.4092e-05
0.001,0.0045,2,2.1369e-12,1.0545e-05
0.001,0.0045,2.1,1.3618e-12,8.4183e-06
0.001,0.0045,2.2,9.5295e-13,7.042e-06
0.001,0.0045,2.3,7.149e-13,6.0994e-06
0.001,0.0045,2.4,5.6568e-13,5.4256e-06
0.001,0.0045,2.5,4.6651e-13,4.9271e-06
0.001,0.0045,2.6,3.9729e-13,4.5469e-06
0.001,0.0045,2.7,3.4712e-13,4.2501e-06
0.001,0.0045,2.8,3.0963e-13,4.014e-06
0.001,0.0045,2.9,2.8089e-13,3.8233e-06
0.001,0.0045,3,2.584e-13,3.6669e-06
0.001,0.0045,3.1,2.405e-13,3.5377e-06
0.001,0.0045,3.2,2.2601e-13,3.4295e-06
0.001,0.0045,3.3,2.1413e-13,3.3381e-06
0.001,0.0045,3.4,2.0426e-13,3.2603e-06
0.001,0.0045,3.5,1.9599e-13,3.1936e-06
0.001,0.0045,3.6,1.89e-13,3.1361e-06
0.001,0.0045,3.7,1.8303e-13,3.0862e-06
0.001,0.0045,3.8,1.7791e-13,3.0427e-06
0.001,0.0045,3.9,1.7348e-13,3.0046e-06
0.001,0.0045,4,1.6964e-13,2.9711e-06
0.001,0.0045,4.1,1.6628e-13,2.9416e-06
0.001,0.0045,4.2,1.6334e-13,2.9154e-06
0.001,0.0045,4.3,1.6074e-13,2.8922e-06
0.001,0.0045,4.4,1.5845e-13,2.8715e-06
0.001,0.0045,4.5,1.5641e-13,2.853e-06
0.001,0.0045,4.6,1.546e-13,2.8364e-06
0.001,0.0045,4.7,1.5299e-13,2.8216e-06
0.001,0.0045,4.8,1.5154e-13,2.8082e-06
0.001,0.0045,4.9,1.5025e-13,2.7962e-06
0.001,0.0045,5,1.4908e-13,2.7853e-06
0.001,0.005,1,1.0374e-21,0.46457
0.001,0.005,1.1,1.7226e-06,0.37156
0.001,0.005,1.2,1.7841e-05,0.14208
0.001,0.005,1.3,1.3826e-06,0.013956
0.001,0.005,1.4,2.1898e-08,0.0013113
0.001,0.005,1.5,8.9886e-10,0.00024843
0.001,0.005,1.6,1.0169e-10,8.2337e-05
0.001,0.005,1.7,2.2616e-11,3.8702e-05
0.001,0.005,1.8,7.7303e-12,2.2609e-05
0.001,0.005,1.9,3.4966e-12,1.5203e-05
0.001,0.005,2,1.912e-12,1.1242e-05
0.001,0.005,2.1,1.1949e-12,8.8868e-06
0.001,0.005,2.2,8.2255e-13,7.3733e-06
0.001,0.005,2.3,6.0855e-13,6.342e-06
0.001,0.005,2.4,4.7582e-13,5.6079e-06
0.001,0.005,2.5,3.8825e-13,5.0657e-06
0.001,0.005,2.6,3.2756e-13,4.6529e-06
0.001,0.005,2.7,2.8384e-13,4.3313e-06
0.001,0.005,2.8,2.5132e-13,4.0756e-06
0.001,0.005,2.9,2.265e-13,3.8691e-06
0.001,0.005,3,2.0717e-13,3.7003e-06
0.001,0.005,3.1,1.918e-13,3.5604e-06
0.001,0.005,3.2,1.7942e-13,3.4436e-06
0.001,0.005,3.3,1.6927e-13,3.3448e-06
0.001,0.005,3.4,1.6086e-13,3.2606e-06
0.001,0.005,3.5,1.5381e-13,3.1884e-06
0.001,0.005,3.6,1.4785e-13,3.126e-06
0.001,0.005,3.7,1.4276e-13,3.0718e-06
0.001,0.005,3.8,1.384e-13,3.0244e-06
0.001,0.005,3.9,1.3462e-13,2.9829e-06
0.001,0.005,4,1.3135e-13,2.9464e-06
0.001,0.005,4.1,1.2848e-13,2.9141e-06
0.001,0.005,4.2,1.2596e-13,2.8854e-06
0.001,0.005,4.3,1.2375e-13,2.8599e-06
0.001,0.005,4.4,1.2178e-13,2.8371e-06
0.001,0.005,4.5,1.2004e-13,2.8167e-06
0.001,0.005,4.6,1.1849e-13,2.7984e-06
0.001,0.005,4.7,1.171e-13,2.782e-06
0.001,0.005,4.8,1.1585e-13,2.7672e-06
0.001,0.005,4.9,1.1473e-13,2.7538e-06
0.001,0.005,5,1.1373e-13,2.7416e-06
0.001,0.0055,1,7.4603e-21,0.4676
0.001,0.0055,1.1,1.2228e-06,0.38204
0.001,0.0055,1.2,1.5581e-05,0.15939
0.001,0.0055,1.3,1.5973e-06,0.017107
0.001,0.0055,1.4,2.5659e-08,0.0015884
0.001,0.0055,1.5,9.8923e-10,0.00029037
0.001,0.0055,1.6,1.055e-10,9.3344e-05
0.001,0.0055,1.7,2.2449e-11,4.2908e-05
0.001,0.0055,1.8,7.4109e-12,2.4633e-05
0.001,0.0055,1.9,3.2628e-12,1.6342e-05
0.001,0.0055,2,1.7465e-12,1.1955e-05
0.001,0.0055,2.1,1.0724e-12,9.3681e-06
0.001,0.0055,2.2,7.2745e-13,7.7158e-06
0.001,0.0055,2.3,5.3163e-13,6.596e-06
0.001,0.0055,2.4,4.1115e-13,5.8007e-06
0.001,0.0055,2.5,3.3223e-13,5.2144e-06
0.001,0.0055,2.6,2.7791e-13,4.7691e-06
0.001,0.0055,2.7,2.39e-13,4.4227e-06
0.001,0.0055,2.8,2.1024e-13,4.148e-06
0.001,0.0055,2.9,1.884e-13,3.9266e-06
0.001,0.0055,3,1.7145e-13,3.7458e-06
0.001,0.0055,3.1,1.5799e-13,3.5957e-06
0.001,0.0055,3.2,1.4712e-13,3.4699e-06
0.001,0.0055,3.3,1.3824e-13,3.3635e-06
0.001,0.0055,3.4,1.3088e-13,3.2728e-06
0.001,0.0055,3.5,1.2472e-13,3.1949e-06
0.001,0.0055,3.6,1.1952e-13,3.1276e-06
0.001,0.0055,3.7,1.1509e-13,3.0691e-06
0.001,0.0055,3.8,1.1129e-13,3.0179e-06
0.001,0.0055,3.9,1.0801e-13,2.973e-06
0.001,0.0055,4,1.0515e-13,2.9335e-06
0.001,0.0055,4.1,1.0265e-13,2.8985e-06
0.001,0.0055,4.2,1.0046e-13,2.8673e-06
0.001,0.0055,4.3,9.8528e-14,2.8396e-06
0.001,0.0055,4.4,9.6816e-14,2.8148e-06
0.001,0.0055,4.5,9.5295e-14,2.7926e-06
0.001,0.0055,4.6,9.3939e-14,2.7727e-06
0.001,0.0055,4.7,9.2728e-14,2.7548e-06
0.001,0.0055,4.8,9.1641e-14,2.7386e-06
0.001,0.0055,4.9,9.0663e-14,2.7239e-06
0.001,0.0055,5,8.9782e-14,2.7107e-06
0.001,0.006,1,8.3354e-22,0.47016
0.001,0.006,1.1,8.9047e-07,0.39098
0.001,0.006,1.2,1.3483e-05,0.17569
0.001,0.006,1.3,1.8081e-06,0.020536
0.001,0.006,1.4,2.9763e-08,0.0018952
0.001,0.006,1.5,1.0863e-09,0.00033553
0.001,0.006,1.6,1.0996e-10,0.00010499
0.001,0.006,1.7,2.2444e-11,4.7255e-05
0.001,0.006,1.8,7.1891e-12,2.6722e-05
0.001,0.006,1.9,3.089e-12,1.7513e-05
0.001,0.006,2,1.6211e-12,1.2686e-05
0.001,0.006,2.1,9.7945e-13,9.8608e-06
0.001,0.006,2.2,6.5556e-13,8.0672e-06
0.001,0.006,2.3,4.7348e-13,6.856e-06
0.001,0.006,2.4,3.6248e-13,5.9987e-06
0.001,0.006,2.5,2.9033e-13,5.3687e-06
0.001,0.006,2.6,2.4102e-13,4.8916e-06
0.001,0.006,2.7,2.0593e-13,4.5215e-06
0.001,0.006,2.8,1.8012e-13,4.2286e-06
0.001,0.006,2.9,1.6054e-13,3.9922e-06
0.001,0.006,3,1.4535e-13,3.7986e-06
0.001,0.006,3.1,1.3331e-13,3.6379e-06
0.001,0.006,3.2,1.2363e-13,3.5033e-06
0.001,0.006,3.3,1.1572e-13,3.3893e-06
0.001,0.006,3.4,1.0918e-13,3.2923e-06
0.001,0.006,3.5,1.0373e-13,3.209e-06
0.001,0.006,3.6,9.9125e-14,3.137e-06
0.001,0.006,3.7,9.5219e-14,3.0745e-06
0.001,0.006,3.8,9.1865e-14,3.0199e-06
0.001,0.006,3.9,8.8966e-14,2.9719e-06
0.001,0.006,4,8.6445e-14,2.9295e-06
0.001,0.006,4.1,8.4242e-14,2.8919e-06
0.001,0.006,4.2,8.2306e-14,2.8585e-06
0.001,0.006,4.3,8.0597e-14,2.8286e-06
0.001,0.006,4.4,7.9083e-14,2.8019e-06
0.001,0.006,4.5,7.7736e-14,2.778e-06
0.001,0.006,4.6,7.6533e-14,2.7564e-06
0.001,0.006,4.7,7.5456e-14,2.7369e-06
0.001,0.006,4.8,7.4489e-14,2.7193e-06
0.001,0.006,4.9,7.3617e-14,2.7034e-06
0.001,0.006,5,7.2831e-14,2.6889e-06
0.001,0.0065,1,7.8915e-22,0.47235
0.001,0.0065,1.1,6.63e-07,0.39867
0.001,0.0065,1.2,1.1608e-05,0.19095
0.001,0.0065,1.3,2.0092e-06,0.024225
0.001,0.0065,1.4,3.4191e-08,0.002231
0.001,0.0065,1.5,1.1908e-09,0.00038412
0.001,0.0065,1.6,1.1484e-10,0.0001172
0.001,0.0065,1.7,2.2601e-11,5.179e-05
0.001,0.0065,1.8,7.0278e-12,2.8854e-05
0.001,0.0065,1.9,2.9534e-12,1.8701e-05
0.001,0.0065,2,1.5223e-12,1.3426e-05
0.001,0.0065,2.1,9.0616e-13,1.0358e-05
0.001,0.0065,2.2,5.9887e-13,8.4206e-06
0.001,0.0065,2.3,4.2792e-13,7.118e-06
0.001,0.0065,2.4,3.2462e-13,6.1996e-06
0.001,0.0065,2.5,2.5808e-13,5.5278e-06
0.001,0.0065,2.6,2.1282e-13,5.0197e-06
0.001,0.0065,2.7,1.807e-13,4.6255e-06
0.001,0.0065,2.8,1.5713e-13,4.3132e-06
0.001,0.0065,2.9,1.3931e-13,4.0613e-06
0.001,0.0065,3,1.2553e-13,3.8553e-06
0.001,0.0065,3.1,1.1468e-13,3.6848e-06
0.001,0.0065,3.2,1.0598e-13,3.5423e-06
0.001,0.0065,3.3,9.8894e-14,3.4218e-06
0.001,0.0065,3.4,9.3039e-14,3.319e-06
0.001,0.0065,3.5,8.8144e-14,3.2305e-06
0.001,0.0065,3.6,8.401e-14,3.1538e-06
0.001,0.0065,3.7,8.0491e-14,3.0871e-06
0.001,0.0065,3.8,7.7473e-14,3.0287e-06
0.001,0.0065,3.9,7.4865e-14,2.9772e-06
0.001,0.0065,4,7.2604e-14,2.9319e-06
0.001,0.0065,4.1,7.0628e-14,2.8918e-06
0.001,0.0065,4.2,6.8892e-14,2.856e-06
0.001,0.0065,4.3,6.736e-14,2.8241e-06
0.001,0.0065,4.4,6.6002e-14,2.7955e-06
0.001,0.0065,4.5,6.4794e-14,2.7698e-06
0.001,0.0065,4.6,6.3716e-14,2.7466e-06
0.001,0.0065,4.7,6.2749e-14,2.7257e-06
0.001,0.0065,4.8,6.1881e-14,2.7068e-06
0.001,0.0065,4.9,6.1099e-14,2.6896e-06
0.001,0.0065,5,6.0392e-14,2.674e-06
0.001,0.007,1,7.9069e-24,0.47423
0.001,0.007,1.1,5.033e-07,0.40537
0.001,0.007,1.2,9.9636e-06,0.2052
0.001,0.007,1.3,2.2e-06,0.028157
0.001,0.007,1.4,3.8962e-08,0.0025976
0.001,0.007,1.5,1.3018e-09,0.00043605
0.001,0.007,1.6,1.2017e-10,0.00013004
0.001,0.007,1.7,2.2827e-11,5.6442e-05
0.001,0.007,1.8,6.9177e-12,3.1042e-05
0.001,0.007,1.9,2.846e-12,1.9906e-05
0.001,0.007,2,1.4422e-12,1.417e-05
0.001,0.007,2.1,8.468e-13,1.0858e-05
0.001,0.007,2.2,5.534e-13,8.7773e-06
0.001,0.007,2.3,3.9171e-13,7.3846e-06
0.001,0.007,2.4,2.9469e-13,6.4051e-06
0.001,0.007,2.5,2.3248e-13,5.689e-06
0.001,0.007,2.6,1.9041e-13,5.1486e-06
0.001,0.007,2.7,1.6073e-13,4.7304e-06
0.001,0.007,2.8,1.3906e-13,4.3999e-06
0.001,0.007,2.9,1.2277e-13,4.1341e-06
0.001,0.007,3,1.102e-13,3.9169e-06
0.001,0.007,3.1,1.0031e-13,3.7368e-06
0.001,0.007,3.2,9.236e-14,3.5858e-06
0.001,0.007,3.3,8.589e-14,3.4579e-06
0.001,0.007,3.4,8.0551e-14,3.3487e-06
0.001,0.007,3.5,7.6093e-14,3.2547e-06
0.001,0.007,3.6,7.2351e-14,3.1737e-06
0.001,0.007,3.7,6.9172e-14,3.1032e-06
0.001,0.007,3.8,6.6447e-14,3.0415e-06
0.001,0.007,3.9,6.4098e-14,2.9872e-06
0.001,0.007,4,6.2056e-14,2.9392e-06
0.001,0.007,4.1,6.0271e-14,2.8967e-06
0.001,0.007,4.2,5.8702e-14,2.8587e-06
0.001,0.007,4.3,5.7317e-14,2.8248e-06
0.001,0.007,4.4,5.6088e-14,2.7943e-06
0.001,0.007,4.5,5.4995e-14,2.767e-06
0.001,0.007,4.6,5.4017e-14,2.7423e-06
0.001,0.007,4.7,5.3141e-14,2.7199e-06
0.001,0.007,4.8,5.2353e-14,2.6997e-06
0.001,0.007,4.9,5.1643e-14,2.6813e-06
0.001,0.007,5,5.1001e-14,2.6646e-06
0.001,0.0075,1,3.431e-21,0.47588
0.001,0.0075,1.1,3.8865e-07,0.41125
0.001,0.0075,1.2,8.5469e-06,0.21848
0.001,0.0075,1.3,2.3753e-06,0.0323
0.001,0.0075,1.4,4.4027e-08,0.0029935
0.001,0.0075,1.5,1.4183e-09,0.00049117
0.001,0.0075,1.6,1.2573e-10,0.0001434
0.001,0.0075,1.7,2.3135e-11,6.1246e-05
0.001,0.0075,1.8,6.8353e-12,3.3258e-05
0.001,0.0075,1.9,2.7587e-12,2.1123e-05
0.001,0.0075,2,1.377e-12,1.4923e-05
0.001,0.0075,2.1,7.9823e-13,1.1362e-05
0.001,0.0075,2.2,5.1599e-13,9.1349e-06
0.001,0.0075,2.3,3.6187e-13,7.6499e-06
0.001,0.0075,2.4,2.701e-13,6.6091e-06
0.001,0.0075,2.5,2.1168e-13,5.8509e-06
0.001,0.0075,2.6,1.724e-13,5.2802e-06
0.001,0.0075,2.7,1.4478e-13,4.8388e-06
0.001,0.0075,2.8,1.2466e-13,4.49e-06
0.001,0.0075,2.9,1.0956e-13,4.2092e-06
0.001,0.0075,3,9.7934e-14,3.9797e-06
0.001,0.0075,3.1,8.8801e-14,3.7896e-06
0.001,0.0075,3.2,8.1513e-14,3.6307e-06
0.001,0.0075,3.3,7.5598e-14,3.4965e-06
0.001,0.0075,3.4,7.073e-14,3.3821e-06
0.001,0.0075,3.5,6.6669e-14,3.2836e-06
0.001,0.0075,3.6,6.3244e-14,3.1981e-06
0.001,0.0075,3.7,6.0329e-14,3.1235e-06
0.001,0.0075,3.8,5.7832e-14,3.0582e-06
0.001,0.0075,3.9,5.5674e-14,3.0006e-06
0.001,0.0075,4,5.3797e-14,2.9496e-06
0.001,0.0075,4.1,5.2161e-14,2.9044e-06
0.001,0.0075,4.2,5.0728e-14,2.8642e-06
0.001,0.0075,4.3,4.9463e-14,2.8283e-06
0.001,0.0075,4.4,4.8342e-14,2.796e-06
0.001,0.0075,4.5,4.7344e-14,2.767e-06
0.001,0.0075,4.6,4.6452e-14,2.7408e-06
0.001,0.0075,4.7,4.5652e-14,2.7171e-06
0.001,0.0075,4.8,4.4932e-14,2.6956e-06
0.001,0.0075,4.9,4.4283e-14,2.6761e-06
0.001,0.0075,5,4.3695e-14,2.6583e-06
0.001,0.008,1,3.2603e-22,0.47733
0.001,0.008,1.1,3.0472e-07,0.41645
0.001,0.008,1.2,7.3319e-06,0.23083
0.001,0.008,1.3,2.5325e-06,0.036632
0.001,0.008,1.4,4.9362e-08,0.0034179
0.001,0.008,1.5,1.5406e-09,0.00054957
0.001,0.008,1.6,1.3148e-10,0.00015727
0.001,0.008,1.7,2.3486e-11,6.6168e-05
0.001,0.008,1.8,6.7811e-12,3.5518e-05
0.001,0.008,1.9,2.6884e-12,2.2358e-05
0.001,0.008,2,1.3222e-12,1.5679e-05
0.001,0.008,2.1,7.5744e-13,1.1867e-05
0.001,0.008,2.2,4.8489e-13,9.4947e-06
0.001,0.008,2.3,3.3725e-13,7.9184e-06
0.001,0.008,2.4,2.4989e-13,6.816e-06
0.001,0.008,2.5,1.9455e-13,6.0141e-06
0.001,0.008,2.6,1.5752e-13,5.4115e-06
0.001,0.008,2.7,1.316e-13,4.9463e-06
0.001,0.008,2.8,1.1281e-13,4.5797e-06
0.001,0.008,2.9,9.877e-14,4.2852e-06
0.001,0.008,3,8.8e-14,4.0448e-06
0.001,0.008,3.1,7.9551e-14,3.8457e-06
0.001,0.008,3.2,7.2797e-14,3.6789e-06
0.001,0.008,3.3,6.7312e-14,3.5376e-06
0.001,0.008,3.4,6.2799e-14,3.4169e-06
0.001,0.008,3.5,5.9041e-14,3.3131e-06
0.001,0.008,3.6,5.589e-14,3.2235e-06
0.001,0.008,3.7,5.3216e-14,3.1454e-06
0.001,0.008,3.8,5.0931e-14,3.0772e-06
0.001,0.008,3.9,4.8957e-14,3.0169e-06
0.001,0.008,4,4.7241e-14,2.9636e-06
0.001,0.008,4.1,4.5741e-14,2.9161e-06
0.001,0.008,4.2,4.4421e-14,2.8738e-06
0.001,0.008,4.3,4.3256e-14,2.8358e-06
0.001,0.008,4.4,4.2223e-14,2.8018e-06
0.001,0.008,4.5,4.1304e-14,2.7711e-06
0.001,0.008,4.6,4.0482e-14,2.7434e-06
0.001,0.008,4.7,3.9745e-14,2.7183e-06
0.001,0.008,4.8,3.9082e-14,2.6955e-06
0.001,0.008,4.9,3.8483e-14,2.6748e-06
0.001,0.008,5,3.7942e-14,2.6559e-06
0.001,0.0085,1,7.048e-20,0.47861
0.001,0.0085,1.1,2.4217e-07,0.42107
0.001,0.0085,1.2,6.2977e-06,0.24231
0.001,0.0085,1.3,2.6728e-06,0.041128
0.001,0.0085,1.4,5.4951e-08,0.0038718
0.001,0.0085,1.5,1.6679e-09,0.00061111
0.001,0.0085,1.6,1.3749e-10,0.0001717
0.001,0.0085,1.7,2.3867e-11,7.1199e-05
0.001,0.0085,1.8,6.7474e-12,3.7816e-05
0.001,0.0085,1.9,2.6289e-12,2.3598e-05
0.001,0.0085,2,1.2756e-12,1.6437e-05
0.001,0.0085,2.1,7.227e-13,1.2372e-05
0.001,0.0085,2.2,4.5829e-13,9.8522e-06
0.001,0.0085,2.3,3.1619e-13,8.1835e-06
0.001,0.0085,2.4,2.3272e-13,7.0207e-06
0.001,0.0085,2.5,1.8015e-13,6.177e-06
0.001,0.0085,2.6,1.4512e-13,5.5441e-06
0.001,0.0085,2.7,1.2071e-13,5.0563e-06
0.001,0.0085,2.8,1.0303e-13,4.6715e-06
0.001,0.0085,2.9,8.9848e-14,4.3623e-06
0.001,0.0085,3,7.975e-14,4.1099e-06
0.001,0.0085,3.1,7.1863e-14,3.9014e-06
0.001,0.0085,3.2,6.5583e-14,3.727e-06
0.001,0.0085,3.3,6.0506e-14,3.5798e-06
0.001,0.0085,3.4,5.6329e-14,3.4541e-06
0.001,0.0085,3.5,5.2853e-14,3.3458e-06
0.001,0.0085,3.6,4.9926e-14,3.2518e-06
0.001,0.0085,3.7,4.7438e-14,3.1698e-06
0.001,0.0085,3.8,4.5309e-14,3.0978e-06
0.001,0.0085,3.9,4.3473e-14,3.0344e-06
0.001,0.0085,4,4.1884e-14,2.9784e-06
0.001,0.0085,4.1,4.0498e-14,2.9287e-06
0.001,0.0085,4.2,3.9281e-14,2.8844e-06
0.001,0.0085,4.3,3.8209e-14,2.8448e-06
0.001,0.0085,4.4,3.7258e-14,2.8091e-06
0.001,0.0085,4.5,3.641e-14,2.777e-06
0.001,0.0085,4.6,3.5651e-14,2.7479e-06
0.001,0.0085,4.7,3.4971e-14,2.7215e-06
0.001,0.0085,4.8,3.4358e-14,2.6976e-06
0.001,0.0085,4.9,3.3805e-14,2.6758e-06
0.001,0.0085,5,3.3303e-14,2.6559e-06
0.001,0.009,1,1.2351e-20,0.47976
0.001,0.009,1.1,1.9482e-07,0.42522
0.001,0.009,1.2,5.4211e-06,0.253
0.001,0.009,1.3,2.7945e-06,0.045771
0.001,0.009,1.4,6.0793e-08,0.0043551
0.001,0.009,1.5,1.8001e-09,0.00067576
0.001,0.009,1.6,1.4372e-10,0.00018668
0.001,0.009,1.7,2.4301e-11,7.6382e-05
0.001,0.009,1.8,6.7297e-12,4.015e-05
0.001,0.009,1.9,2.5809e-12,2.4858e-05
0.001,0.009,2,1.2366e-12,1.7205e-05
0.001,0.009,2.1,6.9317e-13,1.2881e-05
0.001,0.009,2.2,4.357e-13,1.0213e-05
0.001,0.009,2.3,2.9835e-13,8.4508e-06
0.001,0.009,2.4,2.1811e-13,7.2257e-06
0.001,0.009,2.5,1.6783e-13,6.3383e-06
0.001,0.009,2.6,1.3452e-13,5.6746e-06
0.001,0.009,2.7,1.114e-13,5.164e-06
0.001,0.009,2.8,9.4752e-14,4.7625e-06
0.001,0.009,2.9,8.2359e-14,4.4401e-06
0.001,0.009,3,7.2889e-14,4.177e-06
0.001,0.009,3.1,6.5489e-14,3.9594e-06
0.001,0.009,3.2,5.9596e-14,3.777e-06
0.001,0.009,3.3,5.4825e-14,3.6227e-06
0.001,0.009,3.4,5.0917e-14,3.4912e-06
0.001,0.009,3.5,4.7672e-14,3.3781e-06
0.001,0.009,3.6,4.496e-14,3.2806e-06
0.001,0.009,3.7,4.2657e-14,3.1955e-06
0.001,0.009,3.8,4.0683e-14,3.1207e-06
0.001,0.009,3.9,3.898e-14,3.0546e-06
0.001,0.009,4,3.75e-14,2.9961e-06
0.001,0.009,4.1,3.6206e-14,2.944e-06
0.001,0.009,4.2,3.5068e-14,2.8973e-06
0.001,0.009,4.3,3.4063e-14,2.8555e-06
0.001,0.009,4.4,3.3174e-14,2.818e-06
0.001,0.009,4.5,3.2384e-14,2.7842e-06
0.001,0.009,4.6,3.1678e-14,2.7537e-06
0.001,0.009,4.7,3.1045e-14,2.7261e-06
0.001,0.009,4.8,3.0475e-14,2.7009e-06
0.001,0.009,4.9,2.9959e-14,2.6779e-06
0.001,0.009,5,2.9494e-14,2.6571e-06
0.001,0.0095,1,1.1753e-21,0.48079
0.001,0.0095,1.1,1.5845e-07,0.42896
0.001,0.0095,1.2,4.6778e-06,0.26295
0.001,0.0095,1.3,2.8965e-06,0.050544
0.001,0.0095,1.4,6.6895e-08,0.004868
0.001,0.0095,1.5,1.9386e-09,0.00074389
0.001,0.0095,1.6,1.5015e-10,0.00020219
0.001,0.0095,1.7,2.4765e-11,8.169e-05
0.001,0.0095,1.8,6.7238e-12,4.2515e-05
0.001,0.0095,1.9,2.5408e-12,2.6128e-05
0.001,0.0095,2,1.2022e-12,1.7972e-05
0.001,0.0095,2.1,6.6712e-13,1.3387e-05
0.001,0.0095,2.2,4.1585e-13,1.057e-05
0.001,0.0095,2.3,2.8279e-13,8.716e-06
0.001,0.0095,2.4,2.0553e-13,7.4305e-06
0.001,0.0095,2.5,1.5732e-13,6.501e-06
0.001,0.0095,2.6,1.255e-13,5.8065e-06
0.001,0.0095,2.7,1.0348e-13,5.2726e-06
0.001,0.0095,2.8,8.7667e-14,4.8529e-06
0.001,0.0095,2.9,7.5938e-14,4.5166e-06
0.001,0.0095,3,6.7007e-14,4.2427e-06
0.001,0.0095,3.1,6.0052e-14,4.0165e-06
0.001,0.0095,3.2,5.4529e-14,3.8274e-06
0.001,0.0095,3.3,5.0062e-14,3.6673e-06
0.001,0.0095,3.4,4.6397e-14,3.5305e-06
0.001,0.0095,3.5,4.3354e-14,3.4127e-06
0.001,0.0095,3.6,4.0796e-14,3.3105e-06
0.001,0.0095,3.7,3.8629e-14,3.2214e-06
0.001,0.0095,3.8,3.6784e-14,3.1435e-06
0.001,0.0095,3.9,3.5194e-14,3.0748e-06
0.001,0.0095,4,3.382e-14,3.0142e-06
0.001,0.0095,4.1,3.2618e-14,2.9602e-06
0.001,0.0095,4.2,3.1561e-14,2.9118e-06
0.001,0.0095,4.3,3.0627e-14,2.8684e-06
0.001,0.0095,4.4,2.9798e-14,2.8293e-06
0.001,0.0095,4.5,2.9058e-14,2.7939e-06
0.001,0.0095,4.6,2.8397e-14,2.762e-06
0.001,0.0095,4.7,2.7803e-14,2.733e-06
0.001,0.0095,4.8,2.7268e-14,2.7065e-06
0.001,0.0095,4.9,2.6785e-14,2.6824e-06
0.001,0.0095,5,2.6346e-14,2.6604e-06
0.001,0.01,1,1.2517e-24,0.48172
0.001,0.01,1.1,1.3016e-07,0.43234
0.001,0.01,1.2,4.0468e-06,0.27223
0.001,0.01,1.3,2.9794e-06,0.055426
0.001,0.01,1.4,7.3209e-08,0.0054085
0.001,0.01,1.5,2.0819e-09,0.00081516
0.001,0.01,1.6,1.5665e-10,0.00021816
0.001,0.01,1.7,2.5237e-11,8.7092e-05
0.001,0.01,1.8,6.7298e-12,4.4919e-05
0.001,0.01,1.9,2.5056e-12,2.7401e-05
0.001,0.01,2,1.1718e-12,1.8737e-05
0.001,0.01,2.1,6.4417e-13,1.3892e-05
0.001,0.01,2.2,3.9837e-13,1.0925e-05
0.001,0.01,2.3,2.6906e-13,8.9782e-06
0.001,0.01,2.4,1.9442e-13,7.632e-06
0.001,0.01,2.5,1.4812e-13,6.6615e-06
0.001,0.01,2.6,1.1766e-13,5.9371e-06
0.001,0.01,2.7,9.6653e-14,5.3812e-06
0.001,0.01,2.8,8.16e-14,4.9444e-06
0.001,0.01,2.9,7.0462e-14,4.5946e-06
0.001,0.01,3,6.1988e-14,4.3095e-06
0.001,0.01,3.1,5.5396e-14,4.0739e-06
0.001,0.01,3.2,5.0171e-14,3.877e-06
0.001,0.01,3.3,4.5962e-14,3.7108e-06
0.001,0.01,3.4,4.2521e-14,3.5692e-06
0.001,0.01,3.5,3.9668e-14,3.4474e-06
0.001,0.01,3.6,3.7274e-14,3.3417e-06
0.001,0.01,3.7,3.5243e-14,3.2494e-06
0.001,0.01,3.8,3.3504e-14,3.1682e-06
0.001,0.01,3.9,3.2007e-14,3.0966e-06
0.001,0.01,4,3.0707e-14,3.0331e-06
0.001,0.01,4.1,2.9575e-14,2.9767e-06
0.001,0.01,4.2,2.8584e-14,2.9264e-06
0.001,0.01,4.3,2.771e-14,2.8813e-06
0.001,0.01,4.4,2.6938e-14,2.8408e-06
0.001,0.01,4.5,2.6249e-14,2.8043e-06
0.001,0.01,4.6,2.5632e-14,2.7711e-06
0.001,0.01,4.7,2.5077e-14,2.741e-06
0.001,0.01,4.8,2.4577e-14,2.7135e-06
0.001,0.01,4.9,2.4125e-14,2.6885e-06
0.001,0.01,5,2.3716e-14,2.6655e-06
