43,49,57,40,13,23,47,25,17,77,68,31,60,34,19,11,17,8,17,12,24,40,39,28,24,22,34,35,31,11,25,37,22,64,16,50,34,12,24,14,19,25,65,18,14,23,7,9,35,26,20,17,55,66,60,35,27,21,46,56,8,17,15,34,14,0,0,0,0,0,0,0,0,0,0,2,0,0,0,0,0,0,0,0,0,0,0,0,0,0,0,0,0,0,0,0,0,0,0,0,0,0,0,0,0,0,0,0,0,0,0,0,0,0,2,0,0,0,0,0,0,0,0,2,0,0,0,0,0,0,0,0,2,0,0,0,2,0,0,0,0,0,0,0,0,0,0,0,0,0,0,0,0,0,0,0,0,0,0,0,0,0,0,0,0,0,0,0,0,0,0,0,0,0,0,0,0,0,0,0,0,0,0,0,0,0,0,0,0,0,0,0,0,0,0
44.084,48.949,56.627,40.684,11.086,19.909,54.198,22.326,12.992,86.044,68.771,28.545,64.232,33.13,17.193,9.5387,14.966,7.5236,16.12,8.7149,22.84,40.176,38.021,28.664,22.043,22.821,32.757,36.914,32.002,11.223,22.277,36.671,19.643,66.549,14.458,51.815,33.27,10.675,21.267,13.669,20.477,24.192,71.851,16.523,14.006,24.145,5.6422,8.7657,34.849,23.408,15.883,15.616,58.126,74.368,61.104,32.965,27.792,19.214,48.015,52.832,7.9687,16.709,14.983,33.685,13.171,0.002215,0.0047623,0.0052562,0.014186,0.0025648,0.0019927,0.0037487,0.0017556,0.024139,0.65209,2.3632,0.36267,0.16499,0.060428,0.08178,0.034684,0.012579,0.0010958,0.0053258,0.0083329,0.022512,0.009108,0.0056565,0.0016799,0.001486,0.0023252,0.0021285,0.0019963,0.0017632,0.0005281,0.0023543,0.00053454,0.00066998,0.0029738,0.00013637,0.0010026,0.0013324,0.0001147,0.00034277,0.00033282,0.00039856,0.00070502,0.0010742,0.0023131,0.0023856,0.008196,0.0056617,0.016376,0.32265,1.2953,0.060521,0.040825,0.61156,0.1834,0.033651,0.035779,0.094423,0.40368,2.1202,0.4953,9.9454e-06,0.0021495,0.00037153,0.0028072,0.10557,0.057164,0.39604,2.5353,0.37494,0.091992,0.22183,1.8236,0.33203,0.00041539,0.004767,0.0095048,0.0070453,0.054242,0.062068,0.013364,0.0015213,0.002237,0.00042175,0.0055649,0.015686,0.058703,0.33086,0.071046,0.0095455,0.020081,0.002133,0.0034105,0.0068765,0.013379,0.0035803,0.035466,0.0013297,0.0010498,0.0047362,0.00010983,0.00084291,0.00015366,0.00014708,0.00047975,0.00025417,0.0025079,0.0036945,0.0098704,0.0026915,0.00067057,0.0037893,0.00047495,0.00026069,0.00076246,0.00022639,0.00082417,0.00062856,0.00067265,0.0010444,0.0013693,0.00096679,0.00017298,7.5834e-05,0.00024424,0.0011487,0.00010972,0.0001146,0.00018356,0.00073081,0.00020581
44.928,47.875,55.788,40.886,10.328,19.06,56.134,21.64,11.683,88.814,68.505,27.721,66.575,32.302,16.245,8.9888,13.798,7.2675,15.317,7.5786,21.786,39.59,37.013,28.751,20.979,23.186,32.069,37.918,32.356,11.371,20.52,36.306,18.921,68.674,13.464,52.562,32.991,9.6996,19.785,13.278,21.061,24.509,75.574,15.636,13.863,24.198,5.2049,8.3797,33.77,22.187,14.704,14.608,59.426,78.478,62.133,32.488,28.061,18.588,48.064,50.269,7.9316,16.49,14.903,33.366,12.57,0.0077891,0.01397,0.019659,0.057185,0.0077359,0.0066825,0.014019,0.0052705,0.10367,2.0016,3.1989,0.66736,0.59162,0.16676,0.17796,0.089931,0.054282,0.0048902,0.022567,0.020509,0.060837,0.027643,0.020332,0.0076236,0.0052262,0.0066265,0.0059224,0.0059333,0.0059982,0.0015319,0.0067372,0.0024921,0.0020435,0.0078367,0.00057371,0.0037592,0.0034872,0.00059523,0.0013394,0.0015439,0.0016743,0.0021036,0.0047367,0.0062514,0.0077707,0.027558,0.016164,0.043002,0.51415,0.93897,0.12178,0.10373,1.1923,0.65818,0.17201,0.13342,0.25608,0.67968,2.6056,1.2053,5.9099e-05,0.0042739,0.0014169,0.0095877,0.18173,0.1842,0.98061,3.3932,0.85483,0.18904,0.3884,2.0978,0.52441,0.0019246,0.019438,0.034299,0.027045,0.19548,0.1869,0.039991,0.0058517,0.0072457,0.0023527,0.020395,0.041406,0.15298,0.63773,0.18463,0.036478,0.053074,0.0091934,0.0099775,0.023123,0.039479,0.010593,0.086479,0.0056239,0.0044545,0.019831,0.00052007,0.0026556,0.00082822,0.00077145,0.0023327,0.0015357,0.0091022,0.0113,0.034364,0.010612,0.0031887,0.012522,0.001215,0.0009186,0.0021843,0.00079849,0.0016216,0.0015128,0.0017688,0.0030465,0.0036323,0.0020643,0.00069705,0.0003089,0.00096844,0.00267,0.00055364,0.00054518,0.00070011,0.0017985,0.00073671
45.506,46.538,54.447,40.614,9.939,18.618,56.16,21.314,11.155,87.963,67.361,27.247,67.408,31.566,15.668,8.6832,13.082,7.1096,14.696,7.1013,20.985,38.768,36.066,28.563,20.34,23.303,31.698,38.42,32.471,11.438,19.379,36.119,18.771,70.371,12.805,52.777,32.842,9.0323,18.896,12.934,21.332,24.931,77.833,15.034,13.629,23.86,4.9866,8.0444,32.563,21.491,14.333,13.94,59.749,80.339,62.956,32.491,28.106,18.196,47.182,47.854,7.8911,16.304,14.792,33.037,12.13,0.019195,0.030972,0.050386,0.15162,0.017261,0.015458,0.034336,0.011903,0.28144,4.7898,4.7686,1.0885,1.5185,0.34759,0.31849,0.19806,0.14855,0.014282,0.063238,0.041973,0.12507,0.061706,0.052043,0.022363,0.013366,0.015976,0.012965,0.01432,0.014689,0.0034656,0.014511,0.0066896,0.0046765,0.015541,0.0014363,0.0098187,0.0075183,0.0016739,0.0031917,0.0039267,0.0042751,0.0049312,0.012267,0.013096,0.016766,0.058407,0.028344,0.070144,0.66731,0.81005,0.21666,0.17633,1.9214,1.6233,0.54068,0.32923,0.49611,0.96631,3.4409,2.2306,0.00019357,0.0068722,0.0031674,0.021925,0.25789,0.43295,1.8017,4.6981,1.5249,0.31371,0.59575,2.6896,0.71673,0.0051053,0.047775,0.081712,0.065885,0.44761,0.38779,0.084916,0.013325,0.016717,0.006793,0.045578,0.075968,0.28723,1.003,0.34921,0.086711,0.10221,0.024909,0.023648,0.056019,0.083405,0.021791,0.14935,0.016703,0.012058,0.060508,0.0013692,0.0060806,0.0024608,0.0022242,0.0069064,0.0047497,0.022109,0.027017,0.092935,0.023734,0.0082226,0.026664,0.002523,0.0020683,0.0046625,0.0017634,0.0027739,0.0029052,0.0035646,0.0062701,0.0071967,0.0036653,0.0016571,0.00072865,0.0022218,0.0048089,0.0015282,0.0014367,0.0016072,0.0033611,0.001589
45.75,44.972,52.462,39.805,9.6321,18.177,55.231,20.954,10.714,83.572,64.876,26.594,66.606,30.773,15.184,8.3774,12.535,6.9885,14.195,6.8224,20.313,37.801,35.155,28.237,19.896,23.276,31.5,38.629,32.462,11.453,18.594,36.083,18.806,71.676,12.353,52.712,32.705,8.5836,18.325,12.653,21.457,25.249,79.253,14.583,13.359,23.378,4.8268,7.7627,31.453,20.974,14.129,13.465,59.311,80.433,63.291,32.505,27.979,17.751,45.651,45.303,7.8484,16.133,14.666,32.697,11.777,0.040797,0.060855,0.10811,0.34005,0.034665,0.031216,0.071236,0.023984,0.6438,10.208,7.6206,1.8126,3.4184,0.67696,0.55735,0.4107,0.34281,0.034667,0.14943,0.08205,0.23877,0.12374,0.11711,0.055015,0.030024,0.036228,0.026226,0.031781,0.031924,0.0070991,0.027939,0.014641,0.0096025,0.028235,0.0030333,0.022189,0.015178,0.0037103,0.0063619,0.0078587,0.0090577,0.010259,0.025914,0.024266,0.030165,0.10251,0.042103,0.098399,0.84306,0.85291,0.38175,0.27035,3.0179,3.4626,1.3745,0.70015,0.85494,1.3419,4.6972,3.684,0.00050225,0.010499,0.0058449,0.042489,0.35943,0.88862,2.9492,6.6156,2.4947,0.48771,0.88876,3.6277,0.97432,0.010325,0.08629,0.15257,0.12708,0.80218,0.68446,0.15334,0.024667,0.032002,0.014936,0.083437,0.12311,0.477,1.4933,0.58579,0.16944,0.17498,0.054561,0.050843,0.11698,0.15455,0.039267,0.23057,0.042258,0.028087,0.15826,0.0028545,0.012087,0.0057218,0.0051564,0.016904,0.011293,0.045359,0.057816,0.22405,0.04316,0.016688,0.048121,0.0046185,0.0039303,0.0086869,0.0032894,0.0045132,0.0051069,0.0062823,0.010973,0.012581,0.0060638,0.0032175,0.0013798,0.0040871,0.0077079,0.0033125,0.0030096,0.0030719,0.0056861,0.0028595
45.538,43.037,49.635,38.304,9.2915,17.621,53.594,20.456,10.039,74.779,60.262,25.398,63.674,29.695,14.595,7.9325,11.953,6.8687,13.716,6.5792,19.618,36.634,34.2,27.816,19.522,23.15,31.376,38.636,32.351,11.432,17.997,36.121,18.881,72.586,12.03,52.487,32.54,8.2781,17.935,12.424,21.49,25.439,80.059,14.216,13.082,22.846,4.6874,7.5176,30.439,20.464,13.861,13.068,57.985,78.506,62.676,32.243,27.63,17.145,43.497,42.403,7.8038,15.968,14.531,32.342,11.448,0.079346,0.11119,0.20725,0.69536,0.066355,0.05916,0.13574,0.045464,1.319,19.635,12.568,3.0991,7.0654,1.2992,0.9815,0.80299,0.71234,0.075283,0.31786,0.1562,0.44721,0.23629,0.24493,0.12274,0.062631,0.078123,0.051077,0.066729,0.064975,0.013764,0.050775,0.02914,0.018617,0.049671,0.005996,0.046417,0.029539,0.0072687,0.011624,0.013957,0.017489,0.019899,0.04951,0.041939,0.049547,0.16519,0.05932,0.1327,1.1005,1.0679,0.67443,0.41248,4.8007,6.8155,3.0945,1.3876,1.405,1.8663,6.4838,5.6839,0.001155,0.01593,0.0099125,0.075598,0.51454,1.6853,4.544,9.3399,3.9022,0.73382,1.3072,5.0097,1.3442,0.017066,0.1184,0.23116,0.20551,1.1771,1.0891,0.24908,0.040355,0.054306,0.028391,0.13799,0.18859,0.74312,2.1823,0.92813,0.29869,0.2833,0.10572,0.10251,0.22438,0.26873,0.066804,0.34203,0.097277,0.06078,0.37718,0.0052576,0.022002,0.011597,0.010807,0.037482,0.023667,0.085832,0.11652,0.5027,0.071596,0.030153,0.080251,0.0078355,0.0068246,0.014925,0.0055972,0.0070423,0.0085155,0.010002,0.016963,0.020077,0.0094856,0.0055914,0.0023039,0.0066221,0.011383,0.006337,0.0056081,0.0053703,0.0091757,0.0047029
44.677,40.558,45.769,35.89,8.8529,16.885,51.24,19.768,8.9573,61.473,52.837,23.335,57.963,28.069,13.733,7.2534,11.184,6.7241,13.166,6.2956,18.745,35.15,33.086,27.281,19.136,22.929,31.251,38.464,32.122,11.376,17.474,36.147,18.927,73.022,11.787,52.154,32.335,8.0618,17.643,12.228,21.445,25.496,80.266,13.892,12.808,22.291,4.5562,7.292,29.427,19.83,13.392,12.656,55.406,73.865,60.41,31.417,26.952,16.318,40.663,38.999,7.7569,15.804,14.39,31.966,11.08,0.14281,0.19111,0.36105,1.3138,0.12208,0.10724,0.24294,0.082302,2.4209,33.405,20.327,5.2567,13.371,2.4473,1.7063,1.4466,1.3404,0.14888,0.61594,0.28507,0.82411,0.43332,0.48005,0.25404,0.12278,0.1593,0.096182,0.13301,0.12482,0.025579,0.088736,0.054726,0.034459,0.084966,0.011508,0.092363,0.055961,0.013099,0.020198,0.023293,0.03199,0.036777,0.088836,0.069712,0.077962,0.25719,0.083612,0.18128,1.5169,1.5056,1.1829,0.64549,7.7277,12.57,6.3776,2.6245,2.2596,2.5951,8.9131,8.3299,0.002458,0.024398,0.016188,0.12807,0.7607,3.0225,6.725,13.056,5.9056,1.0769,1.897,6.9757,1.8749,0.023838,0.12722,0.28409,0.28185,1.425,1.5812,0.37016,0.060283,0.084573,0.04941,0.21513,0.27924,1.1043,3.159,1.4236,0.49448,0.44472,0.18928,0.19764,0.40794,0.45169,0.11078,0.50052,0.21056,0.12585,0.84466,0.0089555,0.037583,0.021509,0.021501,0.078433,0.046508,0.1562,0.22694,1.0727,0.1138,0.051289,0.12822,0.0127,0.011223,0.024236,0.0089112,0.010502,0.013639,0.014395,0.023017,0.029008,0.013908,0.0089676,0.0035148,0.0098041,0.015673,0.011276,0.0097457,0.0089139,0.014416,0.0072954
42.908,37.381,40.77,32.37,8.2707,15.909,48.066,18.842,7.4847,45.938,42.881,20.25,49.272,25.667,12.489,6.333,10.165,6.5348,12.472,5.9285,17.563,33.204,31.684,26.58,18.673,22.593,31.051,38.082,31.73,11.279,16.944,36.067,18.895,72.78,11.591,51.731,32.083,7.8958,17.385,12.044,21.314,25.394,79.695,13.578,12.533,21.704,4.4247,7.0672,28.277,18.94,12.599,12.142,51.088,65.81,55.636,29.688,25.79,15.229,37.109,35.016,7.7065,15.637,14.243,31.561,10.605,0.23447,0.30568,0.56621,2.2531,0.2124,0.18423,0.4048,0.14113,3.9178,49.321,30.632,8.4512,22.691,4.3843,2.8265,2.3385,2.2553,0.26704,1.0796,0.48587,1.4618,0.7503,0.87115,0.48687,0.2244,0.30323,0.17262,0.24923,0.22394,0.045342,0.14893,0.097265,0.060403,0.13866,0.021631,0.17668,0.10331,0.021952,0.033792,0.037605,0.056092,0.064818,0.1501,0.11294,0.12063,0.39603,0.12063,0.25646,2.1996,2.2603,2.0174,1.0289,12.333,21.535,12.074,4.7305,3.5759,3.5771,12.057,11.661,0.0048992,0.037873,0.026017,0.21036,1.1476,5.169,9.6197,17.861,8.6565,1.5408,2.7086,9.6858,2.6208,0.029843,0.12135,0.29168,0.33176,1.4665,2.0937,0.50555,0.084462,0.12388,0.081144,0.32238,0.40228,1.5657,4.5265,2.1316,0.78319,0.68392,0.32101,0.36941,0.71531,0.74446,0.18172,0.72838,0.43623,0.25259,1.8032,0.014422,0.061187,0.037557,0.041545,0.15801,0.088303,0.27897,0.43249,2.1999,0.17734,0.084468,0.19947,0.019994,0.017804,0.037589,0.013379,0.014887,0.021051,0.018502,0.027073,0.036997,0.018755,0.013361,0.0049771,0.013515,0.020263,0.019172,0.016146,0.014277,0.022237,0.010778
39.956,33.442,34.782,27.775,7.5202,14.645,43.979,17.627,5.8595,31.879,32.101,16.399,38.593,22.445,10.875,5.2868,8.9573,6.2907,11.614,5.4619,15.998,30.68,29.884,25.645,18.074,22.104,30.694,37.416,31.108,11.124,16.344,35.756,18.723,71.463,11.419,51.207,31.772,7.7502,17.099,11.846,21.064,25.07,77.944,13.245,12.243,21.059,4.2822,6.8207,26.828,17.664,11.396,11.444,44.738,54.487,47.826,26.759,23.97,13.853,32.871,30.502,7.6506,15.462,14.089,31.11,9.9587,0.34193,0.44527,0.78393,3.4038,0.34106,0.29333,0.61356,0.22447,5.5659,63.699,41.754,12.429,33.977,7.2081,4.3308,3.3573,3.373,0.43274,1.7029,0.75921,2.4288,1.1959,1.4403,0.85594,0.37776,0.53247,0.28927,0.43236,0.37022,0.075737,0.23734,0.1616,0.098844,0.20942,0.039677,0.32607,0.1854,0.034415,0.054316,0.059338,0.093806,0.10749,0.23372,0.17825,0.18528,0.60561,0.17822,0.37509,3.2804,3.4417,3.2597,1.6276,18.934,33.627,20.716,7.9991,5.5271,4.8406,15.89,15.604,0.0091236,0.059321,0.041467,0.33776,1.7297,8.422,13.287,23.649,12.246,2.1418,3.7865,13.273,3.6366,0.036128,0.12047,0.27535,0.35063,1.4058,2.5528,0.63955,0.11395,0.17405,0.12797,0.46855,0.56462,2.1112,6.3862,3.1212,1.1985,1.0342,0.5246,0.67546,1.2222,1.2114,0.29671,1.054,0.87236,0.49369,3.6841,0.022254,0.096145,0.062953,0.078709,0.309,0.16416,0.49307,0.80929,4.3448,0.27376,0.13664,0.30422,0.030823,0.027494,0.055857,0.019004,0.02004,0.031299,0.021223,0.028316,0.041202,0.02289,0.018443,0.0066082,0.017622,0.024838,0.031608,0.02579,0.022219,0.033805,0.015204
35.665,28.845,28.264,22.511,6.6128,13.087,39.011,16.1,4.3833,21.458,22.588,12.423,27.98,18.668,9.0474,4.28,7.7083,5.9924,10.623,4.907,14.083,27.557,27.639,24.418,17.291,21.416,30.071,36.356,30.169,10.885,15.621,35.038,18.325,68.432,11.254,50.547,31.383,7.5969,16.712,11.599,20.635,24.412,74.366,12.861,11.916,20.313,4.1168,6.5279,24.941,15.934,9.8176,10.514,36.743,41.578,37.625,22.629,21.395,12.208,28.119,25.651,7.5864,15.273,13.924,30.592,9.0991,0.43174,0.5804,0.94763,4.4274,0.49652,0.42397,0.82837,0.32412,7.0614,74.391,51.575,16.53,45.058,10.666,6.0648,4.3333,4.5347,0.6377,2.4335,1.084,3.711,1.7187,2.1439,1.3705,0.58058,0.85802,0.44473,0.68359,0.55856,0.11786,0.35488,0.24663,0.1489,0.28144,0.070611,0.58182,0.32297,0.051039,0.083088,0.091245,0.14765,0.16439,0.32302,0.27196,0.28152,0.91236,0.26542,0.55641,4.8724,5.1057,4.8755,2.4799,27.158,47.199,31.662,12.433,8.2147,6.3726,20.252,19.948,0.015772,0.092792,0.065518,0.53122,2.5412,12.98,17.644,30.025,16.611,2.8778,5.1476,17.76,4.9588,0.044312,0.13154,0.2656,0.35689,1.3901,2.9381,0.76273,0.15064,0.23792,0.19607,0.66381,0.77191,2.7109,8.8042,4.4705,1.7859,1.5393,0.8374,1.2131,2.0472,1.9508,0.48268,1.5108,1.6857,0.93763,7.1673,0.033256,0.14719,0.10261,0.1464,0.58636,0.29958,0.86244,1.4811,8.2091,0.42016,0.21861,0.45594,0.046673,0.041493,0.079554,0.025696,0.025814,0.044746,0.022549,0.028638,0.041946,0.025477,0.023575,0.0083075,0.022122,0.029297,0.050951,0.039965,0.033685,0.050708,0.020559
30.179,23.893,21.886,17.261,5.6022,11.294,33.402,14.29,3.2225,14.575,15.401,8.951,19.216,14.813,7.2275,3.4201,6.5456,5.6447,9.5539,4.2938,11.956,23.957,24.984,22.871,16.287,20.485,29.048,34.767,28.802,10.525,14.74,33.67,17.576,62.913,11.08,49.691,30.883,7.4052,16.133,11.257,19.937,23.264,68.214,12.395,11.524,19.426,3.9174,6.1687,22.577,13.818,8.0509,9.37,28.29,29.562,27.011,17.802,18.158,10.368,23.156,20.777,7.5102,15.064,13.744,29.98,8.0409,0.46932,0.67727,1.0136,4.9887,0.65353,0.55154,0.99056,0.42022,8.2369,81.51,59.028,20.108,54.139,14.247,7.802,5.1552,5.6026,0.86673,3.1975,1.4248,5.1905,2.208,2.8494,1.9891,0.80993,1.2667,0.61917,0.96934,0.76303,0.16939,0.49414,0.3388,0.20363,0.32166,0.12157,1.0056,0.54659,0.072424,0.11964,0.13536,0.21552,0.22729,0.38039,0.3977,0.41854,1.3381,0.3899,0.81575,6.9982,7.1756,6.6779,3.5616,35.822,59.796,42.937,17.53,11.547,8.1022,24.845,24.369,0.025176,0.14328,0.10216,0.81719,3.5626,18.74,22.415,36.362,21.409,3.7191,6.7561,22.97,6.5784,0.055583,0.15412,0.2721,0.36764,1.455,3.2763,0.87639,0.19668,0.31949,0.2946,0.92093,1.0272,3.337,11.763,6.2671,2.6139,2.2541,1.3197,2.133,3.3642,3.0996,0.77898,2.1322,3.1256,1.7139,13.081,0.048522,0.22041,0.16342,0.26572,1.0702,0.53317,1.4813,2.62,14.605,0.64031,0.34632,0.67127,0.0694,0.061252,0.10867,0.033421,0.032168,0.06138,0.023693,0.030287,0.042601,0.026902,0.028149,0.010002,0.027182,0.033804,0.080642,0.060294,0.049773,0.074915,0.026833
24.049,19.013,16.266,12.652,4.572,9.3934,27.586,12.298,2.3847,10.204,10.456,6.2781,12.878,11.329,5.597,2.732,5.5284,5.2512,8.4563,3.6608,9.8092,20.135,22.031,21.006,15.043,19.267,27.463,32.512,26.898,10.003,13.683,31.387,16.348,54.46,10.88,48.548,30.221,7.1402,15.266,10.768,18.87,21.473,59.133,11.814,11.037,18.364,3.6777,5.7352,19.84,11.527,6.3457,8.0969,20.737,20.113,18.05,13.102,14.593,8.4617,18.352,16.224,7.4176,14.828,13.542,29.242,6.8643,0.45273,0.72282,1.0001,5.0958,0.78721,0.65029,1.0635,0.4908,9.0841,86.089,64.202,22.867,60.693,17.481,9.3537,5.7953,6.5087,1.1011,3.9232,1.743,6.6896,2.5497,3.357,2.5938,1.0187,1.703,0.77079,1.2107,0.93504,0.2232,0.63914,0.40947,0.24907,0.30289,0.20286,1.6875,0.90106,0.098966,0.16116,0.19169,0.28813,0.27999,0.37455,0.55388,0.60184,1.8929,0.55452,1.1563,9.5407,9.4352,8.4171,4.7833,43.574,69.761,52.485,22.47,15.192,9.9022,29.299,28.511,0.036992,0.21661,0.1565,1.227,4.7102,25.159,27.182,42.024,26.008,4.6062,8.5096,28.509,8.4188,0.070832,0.18715,0.29196,0.38721,1.5652,3.5883,0.98596,0.25415,0.42422,0.43802,1.2571,1.3291,3.971,15.119,8.5893,3.7931,3.2406,2.0701,3.6348,5.3919,4.8178,1.2357,2.9437,5.4861,2.968,21.916,0.069409,0.3217,0.25342,0.46532,1.8512,0.91351,2.4639,4.3992,23.933,0.96409,0.54145,0.96878,0.10108,0.088388,0.14278,0.042264,0.03909,0.08066,0.025723,0.033891,0.045149,0.028232,0.031947,0.011665,0.032957,0.038585,0.12546,0.088648,0.071654,0.10835,0.034075
18.067,14.603,11.733,8.9956,3.6061,7.5423,22.045,10.267,1.8004,7.4048,7.1901,4.3739,8.622,8.4535,4.2447,2.1927,4.6593,4.8124,7.3671,3.0457,7.8153,16.396,18.946,18.864,13.569,17.733,25.181,29.506,24.399,9.2835,12.461,28.038,14.581,43.729,10.635,46.996,29.332,6.7696,14.059,10.09,17.361,19.009,47.898,11.092,10.43,17.113,3.3984,5.2364,16.947,9.3124,4.8795,6.8093,14.816,13.481,11.592,9.1795,11.142,6.6391,14.037,12.263,7.3041,14.554,13.312,28.341,5.6818,0.41215,0.72941,0.95782,5.0082,0.88636,0.70908,1.055,0.52521,9.672,89.072,67.666,24.841,65.116,20.135,10.628,6.2748,7.2421,1.3169,4.5501,2.0077,8.0491,2.6994,3.5077,2.9846,1.148,2.0486,0.84672,1.3112,1.0201,0.26831,0.77003,0.4273,0.26979,0.24183,0.32905,2.7505,1.4489,0.13061,0.20398,0.25763,0.35074,0.30681,0.32187,0.73218,0.82995,2.5705,0.7553,1.5652,12.272,11.629,9.9157,6.0283,49.681,76.855,59.464,26.605,18.711,11.623,33.284,32.098,0.05004,0.31947,0.23481,1.7946,5.8693,31.421,31.532,46.63,29.839,5.466,10.262,33.882,10.345,0.090864,0.22985,0.32019,0.41267,1.6806,3.8682,1.0934,0.32433,0.55845,0.6488,1.6929,1.6699,4.5976,18.605,11.425,5.4802,4.5457,3.2342,5.9038,8.3104,7.219,1.8987,3.9508,8.9476,4.776,33.01,0.097159,0.45182,0.37799,0.77368,2.9815,1.4815,3.8965,6.8682,35.418,1.4214,0.8284,1.365,0.14355,0.12441,0.18124,0.052322,0.046553,0.10164,0.02889,0.039074,0.049255,0.030149,0.035166,0.013284,0.039288,0.043684,0.19117,0.12676,0.10037,0.15173,0.042351
12.915,10.909,8.3103,6.293,2.7649,5.8763,17.157,8.3463,1.3905,5.543,5.0434,3.066,5.8394,6.2201,3.1803,1.7672,3.9154,4.3302,6.3136,2.4796,6.0844,13.001,15.906,16.52,11.911,15.89,22.189,25.803,21.368,8.3637,11.112,23.781,12.378,32.614,10.323,44.895,28.139,6.2777,12.552,9.2204,15.438,16.07,36.422,10.223,9.6894,15.682,3.0876,4.6952,14.14,7.3591,3.7123,5.6065,10.541,9.0947,7.3677,6.2547,8.1579,5.0273,10.417,9.0279,7.1656,14.236,13.046,27.247,4.592,0.37485,0.71702,0.91985,4.9099,0.95313,0.73368,0.99989,0.52778,10.079,91.097,69.989,26.208,68.046,22.185,11.617,6.6288,7.8188,1.4809,5.0308,2.2023,9.1734,2.6974,3.3189,2.9689,1.1583,2.1434,0.81154,1.2225,0.99087,0.29431,0.87051,0.38291,0.25888,0.18005,0.52033,4.3501,2.2732,0.16709,0.24576,0.32835,0.39002,0.30333,0.26499,0.91828,1.0928,3.3471,0.98201,2.0162,14.943,13.57,11.114,7.196,54.132,81.659,64.151,29.718,21.751,13.139,36.596,34.992,0.062615,0.45986,0.34472,2.5551,6.9395,36.821,35.197,50.122,32.718,6.2353,11.87,38.678,12.204,0.11636,0.28107,0.35255,0.44005,1.7795,4.1057,1.1968,0.40667,0.72765,0.95792,2.2463,2.0342,5.2005,21.917,14.576,7.7889,6.161,4.9651,8.9881,12.116,10.268,2.7824,5.1295,13.363,7.042,44.441,0.132,0.59865,0.53292,1.2042,4.4188,2.2439,5.7675,9.8352,47.112,2.0315,1.2273,1.8697,0.1978,0.17027,0.22339,0.063545,0.054506,0.12335,0.032991,0.045241,0.053971,0.032779,0.038183,0.014818,0.045633,0.04891,0.28342,0.17559,0.13653,0.20306,0.051659
8.9122,7.9946,5.8355,4.3783,2.0749,4.4739,13.1,6.6403,1.0936,4.2439,3.6097,2.1746,4.018,4.5475,2.3686,1.4258,3.2707,3.8114,5.3183,1.982,4.6572,10.101,13.058,14.081,10.154,13.8,18.678,21.643,18.018,7.2884,9.6944,19.116,10.003,23.061,9.9184,42.111,26.565,5.6779,10.881,8.2038,13.247,13.03,26.565,9.2252,8.8254,14.107,2.7579,4.1403,11.601,5.744,2.8213,4.5488,7.5657,6.2482,4.7262,4.2195,5.7968,3.6963,7.5489,6.5164,6.9999,13.863,12.734,25.933,3.6524,0.34922,0.69935,0.89359,4.8467,0.9955,0.73722,0.93171,0.51115,10.367,92.541,71.58,27.15,70.008,23.713,12.359,6.8897,8.2623,1.5589,5.3367,2.3271,10.035,2.618,2.9608,2.5838,1.0617,1.9305,0.68061,0.99376,0.87172,0.29754,0.93427,0.3003,0.22368,0.13567,0.80249,6.6518,3.4716,0.20835,0.2859,0.3982,0.40208,0.27805,0.22373,1.0956,1.3729,4.1839,1.2211,2.4792,17.367,15.178,12.034,8.2248,57.273,84.884,67.206,31.92,24.159,14.379,39.177,37.191,0.07321,0.64769,0.49537,3.5403,7.8623,41.036,38.098,52.655,34.767,6.8794,13.242,42.68,13.877,0.14743,0.3387,0.38587,0.46675,1.8569,4.3003,1.293,0.49831,0.93332,1.392,2.9219,2.4019,5.7661,24.829,17.72,10.574,7.9894,7.256,12.683,16.52,13.729,3.8455,6.4243,18.209,9.4964,54.25,0.17186,0.73194,0.69775,1.742,6.0265,3.1598,7.9336,12.919,57.142,2.79,1.7444,2.4811,0.26362,0.22592,0.26842,0.075648,0.062818,0.14504,0.03769,0.051789,0.05856,0.03594,0.041265,0.016202,0.05137,0.053945,0.40603,0.2345,0.17991,0.25688,0.06181
6.0296,5.7931,4.0905,3.0508,1.5346,3.353,9.8813,5.1988,0.8692,3.2935,2.6282,1.5622,2.8088,3.3195,1.7604,1.1471,2.7066,3.2718,4.4004,1.5607,3.5238,7.7348,10.506,11.673,8.4037,11.587,15.01,17.41,14.652,6.1443,8.2782,14.657,7.7523,15.913,9.3982,38.565,24.557,5.0096,9.2082,7.1183,11.005,10.242,19.088,8.1425,7.8701,12.448,2.4236,3.5979,9.4208,4.4626,2.1534,3.6585,5.5111,4.3902,3.0918,2.853,4.0434,2.6575,5.3771,4.6415,6.8069,13.426,12.368,24.385,2.88,0.33365,0.68271,0.87672,4.8123,1.0215,0.73109,0.86983,0.48783,10.577,93.623,72.707,27.81,71.352,24.83,12.906,7.0829,8.5952,1.5392,5.459,2.3937,10.649,2.5185,2.5969,2.0895,0.91384,1.557,0.51745,0.73817,0.72209,0.28339,0.96585,0.2169,0.18093,0.10731,1.2039,9.7747,5.1334,0.25477,0.32524,0.4624,0.39425,0.24529,0.19817,1.2503,1.6485,5.0305,1.459,2.9277,19.449,16.457,12.729,9.0917,59.485,87.088,69.211,33.436,25.951,15.333,41.081,38.779,0.08107,0.89489,0.69737,4.7723,8.6202,44.099,40.294,54.451,36.194,7.3917,14.348,45.86,15.301,0.18318,0.39986,0.41789,0.49131,1.9154,4.4581,1.3798,0.59497,1.1709,1.9466,3.7082,2.7531,6.2869,27.239,20.588,13.447,9.8671,9.8347,16.561,21.025,17.236,4.9957,7.759,22.837,11.829,61.604,0.21154,0.81116,0.8372,2.3459,7.6399,4.1546,10.172,15.756,64.752,3.6655,2.3671,3.1868,0.33963,0.2901,0.31529,0.088154,0.071234,0.16622,0.042663,0.058217,0.062637,0.039316,0.044425,0.017387,0.056157,0.058508,0.55989,0.3007,0.22898,0.30514,0.072399
4.0542,4.1775,2.8753,2.1376,1.1252,2.4895,7.402,4.024,0.69298,2.5711,1.9385,1.1351,1.9911,2.4263,1.3086,0.91759,2.2124,2.7348,3.5758,1.2143,2.6469,5.8657,8.3017,9.4185,6.7652,9.4088,11.576,13.491,11.552,5.0283,6.9293,10.842,5.8211,10.961,8.7457,34.298,22.114,4.3216,7.6537,6.0435,8.9045,7.893,13.767,7.0327,6.8715,10.775,2.0972,3.0871,7.6104,3.4698,1.6546,2.9305,4.0805,3.1548,2.0712,1.9476,2.7949,1.8808,3.7875,3.2804,6.5884,12.918,11.94,22.607,2.2648,0.32473,0.66904,0.86599,4.795,1.0371,0.7218,0.82057,0.46561,10.735,94.467,73.531,28.28,72.3,25.638,13.305,7.226,8.8365,1.4463,5.3994,2.4175,11.054,2.4252,2.2972,1.6747,0.77014,1.2037,0.38216,0.53934,0.59206,0.26194,0.9757,0.15553,0.145,0.090683,1.7475,13.706,7.2944,0.3069,0.36547,0.51834,0.37869,0.21643,0.18464,1.3745,1.8988,5.8304,1.6843,3.3435,21.175,17.452,13.254,9.8006,61.064,88.642,70.565,34.475,27.231,16.03,42.423,39.876,0.086153,1.2143,0.96204,6.2551,9.2232,46.23,41.908,55.711,37.185,7.7847,15.204,48.306,16.464,0.22169,0.46168,0.44728,0.51311,1.959,4.5869,1.4565,0.69256,1.4316,2.5734,4.5866,3.0736,6.7631,29.159,23.056,16.094,11.633,12.362,20.171,25.158,20.461,6.1261,9.0561,26.788,13.829,66.722,0.24389,0.81023,0.91716,2.9658,9.1364,5.1506,12.278,18.146,70.175,4.6062,3.0666,3.9689,0.42377,0.3607,0.36297,0.10058,0.079468,0.18661,0.04766,0.064195,0.066092,0.042609,0.047516,0.018374,0.060013,0.062471,0.74315,0.3693,0.28073,0.33971,0.082927
2.7378,3.0119,2.0327,1.5093,0.82184,1.8401,5.5268,3.0901,0.55094,2.0074,1.4429,0.83252,1.4284,1.7788,0.97397,0.7281,1.7833,2.2263,2.8553,0.9356,1.9804,4.4201,6.4576,7.4148,5.316,7.4119,8.6455,10.149,8.891,4.016,5.698,7.8314,4.2789,7.6252,7.9609,29.506,19.312,3.6559,6.2774,5.0388,7.0636,6.0147,10.044,5.9531,5.8801,9.1592,1.7891,2.6195,6.1363,2.7088,1.2812,2.3457,3.0696,2.3145,1.4223,1.3481,1.9289,1.3186,2.6521,2.3117,6.3477,12.334,11.442,20.626,1.7839,0.31982,0.65821,0.85903,4.7868,1.0461,0.71199,0.78305,0.44738,10.857,95.145,74.153,28.624,72.988,26.22,13.595,7.3309,9.0001,1.3242,5.1677,2.4116,11.288,2.3437,2.0623,1.3748,0.65672,0.94362,0.29393,0.41279,0.49897,0.24136,0.97355,0.11831,0.12094,0.081995,2.4389,18.24,9.8886,0.3646,0.40777,0.5652,0.36439,0.19592,0.17955,1.4659,2.107,6.524,1.8882,3.7163,22.576,18.218,13.653,10.37,62.216,89.775,71.515,35.195,28.124,16.518,43.327,40.602,0.088755,1.6171,1.2998,7.9668,9.6938,47.682,43.075,56.596,37.877,8.0793,15.85,50.153,17.389,0.26079,0.52203,0.47353,0.5321,1.9915,4.6938,1.5237,0.78826,1.7059,3.2022,5.5358,3.3573,7.2022,30.653,25.107,18.381,13.184,14.617,23.227,28.642,23.211,7.1529,10.254,29.899,15.423,70.192,0.26304,0.73946,0.92676,3.5596,10.454,6.0885,14.123,20.055,73.975,5.5561,3.8077,4.8151,0.514,0.4355,0.41065,0.11259,0.087316,0.20605,0.05252,0.069584,0.068956,0.045628,0.050401,0.019195,0.063131,0.065847,0.95222,0.43418,0.3309,0.35547,0.092977
1.8689,2.1772,1.447,1.0744,0.59996,1.3581,4.1212,2.3598,0.43506,1.5612,1.0797,0.61479,1.0344,1.3086,0.72596,0.57234,1.4167,1.7685,2.243,0.71512,1.4786,3.3164,4.9565,5.7162,4.096,5.6925,6.3167,7.4754,6.7282,3.1489,4.6147,5.5822,3.1051,5.3719,7.0661,24.523,16.314,3.0407,5.095,4.1389,5.5253,4.5561,7.4118,4.9498,4.9404,7.6567,1.5063,2.2004,4.9461,2.1264,0.99938,1.8797,2.3421,1.7284,0.99942,0.94765,1.3358,0.92006,1.8535,1.6298,6.0889,11.672,10.873,18.494,1.411,0.3171,0.64934,0.85425,4.7831,1.0507,0.70218,0.75397,0.43294,10.954,95.701,74.636,28.881,73.501,26.639,13.805,7.4057,9.0974,1.2075,4.8011,2.3855,11.382,2.271,1.8721,1.1618,0.57481,0.77148,0.24292,0.33821,0.43771,0.22514,0.96489,0.097695,0.10683,0.078064,3.257,23.002,12.735,0.42608,0.45165,0.60274,0.35445,0.18306,0.17965,1.5246,2.2606,7.0458,2.0641,4.0413,23.702,18.807,13.959,10.824,63.078,90.632,72.211,35.704,28.74,16.847,43.912,41.059,0.089226,2.1097,1.7181,9.8553,10.058,48.672,43.915,57.222,38.368,8.2977,16.333,51.536,18.112,0.29857,0.57931,0.49673,0.54861,2.016,4.7852,1.583,0.88023,1.9848,3.776,6.5141,3.6039,7.6166,31.804,26.778,20.282,14.477,16.509,25.639,31.406,25.432,8.0309,11.317,32.224,16.635,72.554,0.26748,0.63826,0.88554,4.1002,11.578,6.9333,15.663,21.534,76.667,6.4679,4.5576,5.7311,0.6093,0.51306,0.45811,0.12404,0.094708,0.22462,0.057181,0.074398,0.071325,0.048307,0.053015,0.01989,0.065728,0.068723,1.1826,0.48918,0.37464,0.35234,0.10233
1.2943,1.5804,1.0377,0.77104,0.43867,1.0028,3.0723,1.7951,0.34052,1.2068,0.81006,0.45618,0.75472,0.96597,0.54181,0.44553,1.1098,1.3752,1.7365,0.54296,1.1033,2.4808,3.7636,4.3334,3.1092,4.2866,4.5573,5.4345,5.0367,2.4369,3.6903,3.9581,2.2392,3.8307,6.1057,19.73,13.332,2.4915,4.0984,3.3577,4.281,3.4413,5.5191,4.0521,4.0836,6.3064,1.253,1.8312,3.9868,1.6787,0.78479,1.5091,1.8091,1.3101,0.7171,0.67691,0.93162,0.64159,1.2971,1.1531,5.8162,10.939,10.236,16.285,1.122,0.31536,0.6415,0.85061,4.7812,1.0521,0.69214,0.73027,0.42096,11.032,96.162,75.019,29.078,73.893,26.937,13.956,7.457,9.1417,1.1102,4.3782,2.3467,11.362,2.2039,1.7138,1.0065,0.51666,0.66063,0.2143,0.29386,0.39774,0.21328,0.95064,0.086411,0.099035,0.076645,4.1542,27.575,15.588,0.48766,0.49475,0.63012,0.34785,0.17539,0.18222,1.55,2.3492,7.314,2.2061,4.3164,24.604,19.264,14.197,11.184,63.737,91.301,72.741,36.074,29.164,17.06,44.27,41.329,0.087888,2.6905,2.2186,11.842,10.34,49.354,44.521,57.671,38.723,8.4596,16.692,52.569,18.671,0.33368,0.63197,0.51714,0.5631,2.0348,4.8668,1.6361,0.96652,2.2575,4.2668,7.4446,3.8156,8.0213,32.69,28.116,21.814,15.515,18.028,27.456,33.506,27.162,8.7504,12.23,33.906,17.529,74.185,0.26037,0.5442,0.82657,4.5757,12.517,7.6715,16.906,22.663,78.605,7.3121,5.2944,6.7581,0.71101,0.59361,0.50605,0.135,0.10172,0.24263,0.061687,0.078771,0.073307,0.050678,0.055376,0.020498,0.067992,0.071215,1.4298,0.52961,0.40761,0.33509,0.11103
0.91057,1.1526,0.74959,0.55747,0.32163,0.74148,2.2911,1.3617,0.26399,0.92626,0.60819,0.33954,0.55388,0.71534,0.40477,0.34355,0.85825,1.0506,1.3279,0.40999,0.8232,1.852,2.8344,3.2443,2.3356,3.1825,3.2719,3.9246,3.748,1.8694,2.921,2.8086,1.6124,2.7615,5.1372,15.441,10.572,2.0145,3.2703,2.6956,3.2962,2.5965,4.1364,3.2741,3.3282,5.1285,1.0311,1.5107,3.2126,1.3319,0.61975,1.2136,1.4117,1.0054,0.52408,0.49116,0.65602,0.44856,0.91146,0.82058,5.5337,10.149,9.5381,14.084,0.89702,0.31375,0.6339,0.84742,4.7797,1.0509,0.68146,0.70974,0.40994,11.094,96.549,75.329,29.23,74.201,27.147,14.064,7.4916,9.1508,1.0342,3.992,2.3015,11.239,2.1402,1.5851,0.89244,0.47494,0.58848,0.19783,0.26599,0.37072,0.20426,0.92811,0.07998,0.094706,0.076336,5.0674,31.626,18.216,0.54464,0.53352,0.64538,0.34192,0.17049,0.18516,1.5372,2.3596,7.2114,2.3065,4.5392,25.324,19.62,14.384,11.47,64.254,91.838,73.16,36.349,29.456,17.193,44.47,41.47,0.085053,3.3495,2.7954,13.835,10.56,49.835,44.962,58,38.985,8.5804,16.96,53.343,19.103,0.3651,0.67829,0.53504,0.57605,2.0498,4.9431,1.6851,1.0445,2.5105,4.6681,8.2421,3.9951,8.4332,33.371,29.165,23.014,16.326,19.208,28.783,35.058,28.477,9.323,13.002,35.102,18.178,75.328,0.24711,0.47459,0.77517,4.9843,13.293,8.3043,17.889,23.517,80.023,8.0786,6.012,7.9917,0.82452,0.68018,0.55668,0.14578,0.10861,0.26087,0.066222,0.082948,0.075021,0.052847,0.057571,0.021053,0.070099,0.073464,1.6892,0.55305,0.42696,0.31102,0.11937
0.65028,0.84463,0.54513,0.40574,0.23657,0.54922,1.7094,1.0311,0.20276,0.70589,0.45637,0.25318,0.4083,0.53117,0.30256,0.26264,0.65639,0.7917,1.0053,0.30824,0.61453,1.3806,2.1225,2.4079,1.7429,2.3407,2.3512,2.8285,2.7821,1.4263,2.2934,2.0027,1.1634,2.0099,4.217,11.833,8.1782,1.6097,2.5903,2.1448,2.5278,1.9593,3.1141,2.6169,2.6805,4.126,0.84043,1.2362,2.5863,1.0609,0.49154,0.97699,1.1105,0.77923,0.38912,0.36164,0.46707,0.31518,0.64431,0.58824,5.2453,9.3177,8.7943,11.975,0.72043,0.31158,0.62584,0.84421,4.7777,1.0474,0.66969,0.69073,0.39837,11.145,96.876,75.584,29.35,74.448,27.29,14.139,7.5155,9.1429,0.97754,3.6958,2.2546,11.021,2.0782,1.4862,0.81052,0.44469,0.54055,0.18788,0.24713,0.35125,0.1963,0.89184,0.076074,0.09214,0.076311,5.9355,34.98,20.464,0.59241,0.56429,0.64525,0.33357,0.16647,0.18686,1.4766,2.2742,6.5922,2.3544,4.705,25.893,19.901,14.532,11.696,64.667,92.279,73.501,36.561,29.658,17.27,44.566,41.526,0.08104,4.0685,3.4355,15.743,10.731,50.184,45.287,58.245,39.184,8.6723,17.163,53.924,19.436,0.39205,0.71709,0.55074,0.58796,2.0623,5.0185,1.7318,1.1118,2.731,4.985,8.8647,4.1457,8.871,33.898,29.972,23.931,16.946,20.103,29.736,36.188,29.462,9.7707,13.648,35.947,18.644,76.142,0.23263,0.42988,0.74181,5.3305,13.929,8.8425,18.659,24.162,81.075,8.7754,6.7212,9.5733,0.96064,0.7796,0.61425,0.15705,0.11585,0.28074,0.071121,0.087282,0.076597,0.054978,0.059751,0.021589,0.072232,0.075638,1.9568,0.55977,0.43204,0.28694,0.1279
0.47061,0.62163,0.39878,0.29698,0.17456,0.40754,1.2764,0.77975,0.15443,0.53442,0.34202,0.18895,0.30198,0.39528,0.22622,0.19929,0.4974,0.59057,0.75524,0.23098,0.4591,1.0285,1.584,1.7776,1.2959,1.7123,1.6981,2.041,2.0648,1.0849,1.7895,1.4393,0.84299,1.4756,3.3881,8.9409,6.2127,1.2734,2.0382,1.6938,1.9338,1.4794,2.352,2.0733,2.1381,3.2905,0.67928,1.0041,2.0789,0.84738,0.39103,0.78673,0.87879,0.60851,0.29276,0.2698,0.33642,0.22297,0.45883,0.42522,4.9543,8.4666,8.0221,10.028,0.58061,0.30845,0.61672,0.8406,4.7745,1.0415,0.65626,0.67185,0.38502,11.188,97.156,75.797,29.447,74.65,27.381,14.186,7.533,9.131,0.93662,3.4921,2.2077,10.7,2.0157,1.4135,0.75359,0.42241,0.50827,0.18152,0.23334,0.33588,0.18778,0.83688,0.073511,0.090396,0.076101,6.7119,37.606,22.271,0.62765,0.58413,0.62638,0.32013,0.16195,0.18627,1.3601,2.0827,5.4624,2.3403,4.8085,26.334,20.122,14.65,11.873,65.003,92.648,73.786,36.727,29.8,17.31,44.591,41.524,0.076166,4.8244,4.1191,17.491,10.864,50.446,45.531,58.433,39.34,8.7439,17.318,54.364,19.694,0.41421,0.7484,0.56476,0.59938,2.0733,5.0973,1.7784,1.1678,2.9127,5.2288,9.3233,4.2723,9.358,34.311,30.583,24.62,17.414,20.769,30.416,37.003,30.196,10.118,14.192,36.543,18.979,76.728,0.22009,0.40447,0.72692,5.6214,14.449,9.3009,19.261,24.649,81.862,9.4172,7.434,11.504,1.1304,0.90043,0.68354,0.16957,0.12395,0.30373,0.076696,0.092035,0.078139,0.057211,0.062051,0.02214,0.074514,0.077869,2.2289,0.55246,0.42448,0.26727,0.13724
0.34453,0.45939,0.29328,0.21847,0.12922,0.30303,0.95404,0.58938,0.11678,0.40237,0.25597,0.14108,0.22398,0.29476,0.16918,0.15033,0.37423,0.43753,0.56434,0.17272,0.34338,0.7663,1.1807,1.3091,0.96255,1.2498,1.2367,1.4781,1.5349,0.824,1.3899,1.045,0.61461,1.0926,2.6749,6.7041,4.6657,0.99893,1.5948,1.3293,1.4777,1.1186,1.7811,1.6314,1.6925,2.606,0.54512,0.81035,1.6679,0.67797,0.31171,0.63329,0.69848,0.47795,0.22274,0.20366,0.24523,0.15906,0.32958,0.31024,4.6636,7.6165,7.2411,8.2905,0.46907,0.30465,0.60622,0.83641,4.7696,1.0331,0.64047,0.65208,0.37009,11.223,97.398,75.978,29.524,74.819,27.426,14.212,7.5464,9.1212,0.90785,3.3584,2.1599,10.264,1.9491,1.3603,0.7147,0.40559,0.4863,0.17722,0.22282,0.32277,0.17801,0.76821,0.071687,0.089002,0.075599,7.3713,39.572,23.65,0.64971,0.5926,0.59031,0.30144,0.15638,0.18354,1.2044,1.824,4.2556,2.2751,4.8543,26.671,20.298,14.745,12.011,65.281,92.963,74.029,36.862,29.901,17.325,44.571,41.487,0.070725,5.5923,4.8237,19.03,10.969,50.649,45.719,58.581,39.465,8.8018,17.441,54.701,19.896,0.43181,0.77322,0.57778,0.61085,2.0838,5.1845,1.8272,1.2133,3.0566,5.4127,9.6534,4.3811,9.922,34.642,31.042,25.131,17.765,21.26,30.899,37.589,30.74,10.386,14.649,36.965,19.22,77.154,0.21068,0.3918,0.72539,5.864,14.872,9.6908,19.73,25.018,82.454,9.9988,8.1196,13.365,1.3251,1.042,0.76309,0.18325,0.13276,0.32932,0.082669,0.096875,0.079621,0.059455,0.06437,0.022707,0.076793,0.08007,2.502,0.53497,0.40734,0.25323,0.14723
0.25458,0.3407,0.21667,0.16138,0.09594,0.22576,0.71397,0.44549,0.087809,0.30161,0.19133,0.10536,0.16648,0.22018,0.12656,0.11288,0.28008,0.32283,0.42026,0.12902,0.25719,0.57133,0.88063,0.96376,0.71544,0.91247,0.91005,1.0757,1.1438,0.62566,1.0759,0.76748,0.45129,0.81556,2.0836,5.0134,3.4839,0.77853,1.2422,1.038,1.1286,0.84707,1.3517,1.277,1.3319,2.0529,0.43487,0.65028,1.3353,0.54287,0.24873,0.50931,0.55677,0.37695,0.17101,0.15526,0.1808,0.1145,0.23891,0.22847,4.3759,6.7866,6.4706,6.7845,0.37952,0.30101,0.5942,0.83156,4.7626,1.0217,0.62155,0.63094,0.35531,11.254,97.608,76.132,29.587,74.961,27.431,14.218,7.5568,9.1154,0.88797,3.2705,2.1085,9.6918,1.8747,1.3202,0.68796,0.39262,0.47119,0.17415,0.21505,0.31157,0.16784,0.70201,0.070326,0.087805,0.075001,7.9075,40.992,24.663,0.66129,0.59268,0.54718,0.28112,0.15037,0.17997,1.0532,1.5807,3.4015,2.1941,4.8635,26.932,20.44,14.822,12.12,65.515,93.235,74.24,36.973,29.974,17.323,44.524,41.428,0.064989,6.3493,5.5267,20.34,11.053,50.81,45.867,58.702,39.57,8.8511,17.54,54.962,20.053,0.44546,0.79295,0.59058,0.62294,2.0944,5.2855,1.8811,1.2499,3.1675,5.5496,9.8915,4.4793,10.592,34.917,31.387,25.508,18.026,21.618,31.245,38.012,31.145,10.593,15.019,37.266,19.394,77.467,0.20416,0.38591,0.72981,6.0634,15.212,10.015,20.094,25.296,82.901,10.49,8.7066,14.747,1.5124,1.1876,0.84233,0.19661,0.14127,0.35422,0.088181,0.10107,0.080896,0.061408,0.066396,0.023239,0.078733,0.08198,2.7734,0.51087,0.38388,0.24347,0.15677
0.18953,0.25348,0.16068,0.11964,0.071422,0.16853,0.53509,0.33687,0.065743,0.22536,0.14288,0.078694,0.12398,0.16475,0.094724,0.0845,0.20888,0.23775,0.31245,0.096371,0.19297,0.42653,0.65827,0.71061,0.53284,0.66753,0.67772,0.78745,0.85501,0.47525,0.83103,0.57082,0.33395,0.61357,1.6076,3.7535,2.5986,0.60379,0.96419,0.80741,0.86202,0.6426,1.028,0.99565,1.0438,1.6106,0.34525,0.51939,1.0669,0.43477,0.19854,0.40911,0.44463,0.29815,0.13223,0.11933,0.13473,0.083218,0.17482,0.16982,4.0935,5.9933,5.7276,5.5102,0.3073,0.29787,0.58042,0.82597,4.7529,1.007,0.59892,0.60809,0.34193,11.28,97.793,76.265,29.638,75.083,27.398,14.205,7.5647,9.113,0.87439,3.2109,2.0511,8.9776,1.7896,1.2881,0.66913,0.38247,0.46072,0.17189,0.2096,0.30245,0.15884,0.65064,0.069319,0.086817,0.074526,8.3279,41.986,25.382,0.66648,0.58893,0.50888,0.26363,0.14501,0.17674,0.93829,1.4048,2.9197,2.1257,4.8597,27.141,20.555,14.887,12.209,65.714,93.475,74.425,37.067,30.028,17.312,44.46,41.356,0.059199,7.0759,6.2079,21.422,11.12,50.941,45.986,58.803,39.661,8.8951,17.625,55.169,20.175,0.45592,0.80897,0.60384,0.63622,2.1058,5.4049,1.9424,1.2798,3.2519,5.6507,10.065,4.5727,11.383,35.154,31.649,25.787,18.221,21.881,31.493,38.318,31.445,10.75,15.307,37.482,19.52,77.699,0.19972,0.383,0.73514,6.2238,15.483,10.275,20.373,25.507,83.237,10.874,9.1557,15.648,1.6671,1.3177,0.91076,0.20808,0.14846,0.37533,0.092641,0.10429,0.081877,0.062903,0.067954,0.023686,0.080208,0.083475,3.0405,0.48318,0.35716,0.23619,0.16488
0.14194,0.18913,0.11956,0.088965,0.053305,0.12607,0.40172,0.25495,0.049081,0.16805,0.10664,0.058801,0.092498,0.12348,0.070947,0.063145,0.15549,0.17511,0.23228,0.072043,0.14507,0.31904,0.49386,0.52556,0.39803,0.49008,0.51133,0.58022,0.64133,0.36133,0.64099,0.43023,0.24916,0.46521,1.2329,2.821,1.9429,0.46668,0.74661,0.62627,0.6588,0.48843,0.78343,0.77422,0.8155,1.2601,0.27306,0.4133,0.8508,0.34812,0.15847,0.32819,0.35545,0.23627,0.10283,0.092338,0.10136,0.061061,0.12911,0.12734,3.8181,5.2493,5.026,4.4526,0.2489,0.2951,0.56492,0.81965,4.7406,0.98918,0.57287,0.58359,0.32998,11.303,97.957,76.382,29.679,75.189,27.331,14.176,7.5702,9.113,0.86509,3.1684,1.987,8.1634,1.6945,1.2605,0.65537,0.3744,0.4534,0.17018,0.20583,0.29533,0.15193,0.6158,0.068589,0.086049,0.074243,8.6474,42.658,25.878,0.6685,0.5847,0.48092,0.25091,0.14094,0.17434,0.86335,1.2958,2.6668,2.0784,4.8567,27.312,20.651,14.942,12.283,65.886,93.687,74.591,37.149,30.069,17.295,44.387,41.278,0.053557,7.7567,6.8508,22.291,11.176,51.05,46.087,58.89,39.743,8.9362,17.699,55.336,20.27,0.46394,0.82235,0.61782,0.65093,2.1183,5.5428,2.0116,1.3049,3.3161,5.7253,10.195,4.6646,12.258,35.367,31.85,25.992,18.366,22.072,31.674,38.54,31.668,10.869,15.525,37.64,19.612,77.872,0.19666,0.38144,0.73975,6.3502,15.693,10.476,20.584,25.665,83.491,11.16,9.4793,16.232,1.7838,1.4228,0.96436,0.21706,0.15404,0.39165,0.095985,0.10661,0.082587,0.063974,0.069081,0.02404,0.081299,0.084611,3.3013,0.45457,0.32984,0.23033,0.17133
0.1068,0.14148,0.089214,0.06633,0.039876,0.094508,0.30216,0.19316,0.03658,0.12519,0.079598,0.043961,0.069122,0.092713,0.053192,0.047159,0.11568,0.12916,0.17289,0.053942,0.10932,0.2392,0.3723,0.39032,0.2984,0.36145,0.3911,0.43048,0.48276,0.27503,0.49404,0.32873,0.18747,0.35545,0.9424,2.1319,1.4592,0.35991,0.57725,0.48482,0.50389,0.372,0.59835,0.60095,0.63591,0.98386,0.21533,0.32791,0.67738,0.27861,0.12643,0.26294,0.2843,0.18745,0.080313,0.071827,0.076906,0.045218,0.096205,0.096273,3.5514,4.5634,4.3757,3.5871,0.2016,0.2926,0.54881,0.81297,4.7265,0.96982,0.54557,0.55897,0.31937,11.323,98.104,76.485,29.713,75.283,27.244,14.136,7.5738,9.1142,0.85865,3.1364,1.9202,7.3648,1.5976,1.2361,0.6449,0.36786,0.44819,0.16886,0.20318,0.2899,0.14711,0.59366,0.068064,0.085474,0.074121,8.8832,43.093,26.206,0.66911,0.58141,0.4628,0.24259,0.13818,0.17275,0.81817,1.233,2.5328,2.0492,4.8586,27.456,20.732,14.989,12.346,66.036,93.876,74.739,37.219,30.1,17.275,44.31,41.197,0.048218,8.3808,7.4433,22.974,11.221,51.142,46.173,58.968,39.817,8.9743,17.764,55.473,20.346,0.47014,0.83361,0.63182,0.66638,2.1312,5.6893,2.0846,1.3262,3.3653,5.7804,10.294,4.7531,13.106,35.556,32.006,26.146,18.476,22.213,31.806,38.703,31.835,10.959,15.689,37.756,19.68,78.001,0.19455,0.38072,0.74363,6.4478,15.855,10.627,20.743,25.784,83.681,11.368,9.7092,16.624,1.8683,1.5029,1.004,0.22371,0.15815,0.40363,0.098396,0.10825,0.083089,0.064724,0.069886,0.024317,0.082124,0.085484,3.5538,0.42718,0.30395,0.22552,0.1763
0.080678,0.10612,0.066756,0.049583,0.029905,0.07102,0.22781,0.14659,0.027254,0.093294,0.059455,0.032903,0.051754,0.069761,0.039945,0.035246,0.086132,0.095545,0.12902,0.040492,0.082599,0.17991,0.28239,0.29147,0.22468,0.26813,0.30345,0.32182,0.3648,0.20968,0.38076,0.25474,0.14232,0.27374,0.71984,1.6221,1.1028,0.27729,0.44604,0.37492,0.38589,0.28398,0.45813,0.46603,0.49536,0.76735,0.16946,0.25963,0.53866,0.2229,0.10082,0.21044,0.22748,0.14885,0.062944,0.056115,0.058788,0.033787,0.072304,0.073348,3.2946,3.9406,3.7829,2.8866,0.16328,0.29048,0.53411,0.80672,4.7127,0.95163,0.52075,0.53703,0.3104,11.34,98.239,76.58,29.743,75.369,27.16,14.097,7.5765,9.1162,0.85411,3.1116,1.8587,6.7141,1.5121,1.2152,0.63679,0.36264,0.44442,0.16787,0.20129,0.28589,0.14394,0.57991,0.067688,0.085052,0.074104,9.0519,43.355,26.411,0.66906,0.57921,0.45179,0.23746,0.13642,0.17176,0.79183,1.1977,2.4593,2.0327,4.8652,27.576,20.8,15.03,12.399,66.167,94.046,74.873,37.282,30.125,17.252,44.231,41.117,0.043291,8.9416,7.9779,23.496,11.259,51.222,46.246,59.037,39.885,9.008,17.82,55.584,20.406,0.47493,0.84276,0.64442,0.68092,2.1432,5.8257,2.1527,1.3441,3.4034,5.8213,10.37,4.8319,13.797,35.714,32.128,26.261,18.558,22.317,31.905,38.824,31.959,11.027,15.811,37.842,19.731,78.098,0.19314,0.38064,0.74707,6.5223,15.977,10.74,20.862,25.873,83.823,11.52,9.8736,16.898,1.9285,1.5616,1.0324,0.22848,0.16109,0.41217,0.1001,0.10938,0.083436,0.065248,0.070465,0.024536,0.082768,0.08617,3.7968,0.40243,0.28077,0.22162,0.18004
0.061187,0.079849,0.05011,0.037179,0.022496,0.053539,0.17229,0.11151,0.020333,0.069651,0.044494,0.024677,0.038853,0.052645,0.030073,0.026403,0.064299,0.071014,0.096694,0.030512,0.062639,0.13588,0.21585,0.2192,0.17008,0.20038,0.23898,0.24264,0.27692,0.16021,0.29369,0.20031,0.1091,0.21261,0.55073,1.2438,0.83985,0.21367,0.34483,0.28993,0.29609,0.21743,0.35188,0.36142,0.38587,0.59839,0.13321,0.20534,0.4281,0.1783,0.080391,0.16832,0.1821,0.11829,0.049481,0.044008,0.045251,0.025475,0.054808,0.056304,3.0488,3.3827,3.2503,2.3237,0.13227,0.28887,0.52254,0.80164,4.7012,0.93706,0.50142,0.5201,0.30351,11.356,98.364,76.67,29.772,75.45,27.095,14.066,7.5796,9.1189,0.8509,3.0927,1.8095,6.2667,1.4477,1.1987,0.63059,0.35872,0.44167,0.16717,0.19994,0.2831,0.14192,0.57139,0.067422,0.084752,0.074147,9.1681,43.492,26.528,0.66861,0.57779,0.44527,0.23439,0.13536,0.17117,0.77653,1.1779,2.4175,2.0243,4.8746,27.676,20.857,15.065,12.443,66.282,94.199,74.994,37.338,30.144,17.229,44.154,41.038,0.038842,9.4367,8.4514,23.886,11.29,51.291,46.308,59.099,39.946,9.0357,17.864,55.674,20.453,0.47862,0.84972,0.65433,0.69287,2.1529,5.9353,2.208,1.3584,3.4327,5.8519,10.428,4.895,14.277,35.837,32.223,26.348,18.621,22.394,31.979,38.915,32.053,11.077,15.903,37.907,19.768,78.171,0.19224,0.38107,0.75029,6.5783,16.069,10.824,20.951,25.94,83.929,11.632,9.9924,17.095,1.9713,1.6039,1.0523,0.23181,0.16316,0.41815,0.10127,0.11015,0.083673,0.06561,0.070884,0.02471,0.08328,0.086719,4.0292,0.38095,0.26087,0.21854,0.18276
0.046555,0.060256,0.037718,0.027955,0.016971,0.040484,0.13071,0.08503,0.015201,0.052128,0.033371,0.018548,0.029242,0.039844,0.022703,0.019839,0.04816,0.053063,0.072827,0.023089,0.047677,0.10308,0.16636,0.16609,0.12943,0.1509,0.19093,0.18451,0.2111,0.12268,0.22676,0.15973,0.084426,0.1665,0.42255,0.96096,0.64441,0.16477,0.26681,0.22429,0.22761,0.16694,0.2711,0.28039,0.30069,0.46671,0.10466,0.16231,0.34011,0.14261,0.064088,0.13458,0.14581,0.094066,0.038986,0.034614,0.035027,0.019358,0.041857,0.0435,2.8147,2.8889,2.7778,1.873,0.10717,0.28777,0.51457,0.79802,4.693,0.92698,0.48829,0.50862,0.29875,11.371,98.481,76.755,29.8,75.528,27.058,14.048,7.5838,9.1227,0.84867,3.0789,1.7751,5.9947,1.405,1.1868,0.62603,0.35599,0.4397,0.16671,0.19901,0.28128,0.14064,0.56603,0.067241,0.084547,0.074219,9.2445,43.54,26.581,0.66784,0.57676,0.4413,0.23252,0.13473,0.1708,0.76738,1.1663,2.3926,2.0206,4.8851,27.759,20.905,15.095,12.481,66.383,94.338,75.105,37.387,30.16,17.206,44.079,40.962,0.034902,9.8666,8.8636,24.168,11.316,51.353,46.36,59.156,40,9.0571,17.899,55.747,20.49,0.48138,0.85464,0.66121,0.70149,2.1597,6.0126,2.2477,1.3691,3.4552,5.8749,10.474,4.9408,14.578,35.928,32.297,26.415,18.668,22.452,32.035,38.983,32.123,11.115,15.973,37.956,19.796,78.227,0.19173,0.3819,0.75339,6.6202,16.138,10.887,21.018,25.99,84.007,11.715,10.079,17.238,2.0019,1.634,1.0662,0.23411,0.1646,0.42231,0.10207,0.11068,0.083829,0.06586,0.07119,0.02485,0.083696,0.087166,4.25,0.3629,0.2443,0.21618,0.18467
0.035533,0.045614,0.028476,0.021082,0.012844,0.030719,0.099523,0.065021,0.0114,0.039153,0.025104,0.013982,0.022075,0.030258,0.017196,0.014967,0.036233,0.039904,0.055185,0.01756,0.036439,0.078588,0.1294,0.12693,0.099077,0.11461,0.15468,0.14157,0.16167,0.094173,0.17533,0.12912,0.06598,0.1315,0.32551,0.748,0.49825,0.12723,0.20675,0.17368,0.17536,0.12858,0.2096,0.21773,0.23452,0.36426,0.082224,0.12829,0.27022,0.11408,0.051094,0.10759,0.11681,0.074847,0.030777,0.027293,0.027247,0.014817,0.032188,0.033806,2.5928,2.4563,2.3631,1.5126,0.08685,0.28708,0.50958,0.79568,4.688,0.92078,0.48022,0.50151,0.29573,11.385,98.592,76.838,29.83,75.605,27.045,14.042,7.5891,9.1277,0.8472,3.0696,1.7534,5.8413,1.3792,1.1789,0.62284,0.35423,0.43831,0.16643,0.1984,0.28016,0.13984,0.56264,0.067121,0.084412,0.0743,9.2909,43.524,26.588,0.66678,0.57589,0.43876,0.23136,0.13437,0.17055,0.76172,1.1592,2.3774,2.0197,4.8954,27.828,20.946,15.122,12.513,66.474,94.464,75.207,37.432,30.173,17.183,44.007,40.889,0.031473,10.234,9.2171,24.364,11.338,51.409,46.405,59.208,40.047,9.0733,17.925,55.806,20.519,0.48341,0.85791,0.66555,0.70709,2.164,6.062,2.2736,1.3768,3.4721,5.8923,10.508,4.972,14.756,35.995,32.355,26.466,18.705,22.497,32.079,39.035,32.177,11.143,16.025,37.995,19.818,78.268,0.19151,0.38301,0.7564,6.6513,16.189,10.933,21.067,26.027,84.065,11.776,10.143,17.344,2.0237,1.6554,1.0758,0.23568,0.1656,0.42518,0.1026,0.11102,0.083927,0.066031,0.071416,0.024963,0.084039,0.087534,4.4588,0.34804,0.2308,0.21445,0.18597
0.027211,0.034655,0.02157,0.015954,0.0097555,0.023404,0.076093,0.049888,0.0085883,0.029547,0.018959,0.010578,0.016724,0.023071,0.013078,0.011351,0.027417,0.030235,0.042121,0.013435,0.027983,0.06027,0.10167,0.09792,0.076328,0.087887,0.12701,0.10967,0.12443,0.072499,0.13582,0.10577,0.052089,0.10477,0.25203,0.58654,0.38818,0.098448,0.16053,0.1347,0.13546,0.09938,0.16268,0.16931,0.18317,0.28464,0.064637,0.10147,0.21481,0.091307,0.04075,0.086036,0.093641,0.059604,0.024341,0.021571,0.021289,0.011418,0.024913,0.026418,2.3835,2.0806,2.0025,1.2246,0.070422,0.28667,0.50666,0.79427,4.6855,0.91736,0.47559,0.49737,0.29394,11.398,98.699,76.919,29.859,75.679,27.05,14.045,7.5953,9.1339,0.84631,3.0638,1.7409,5.759,1.3645,1.174,0.62071,0.3532,0.43737,0.16628,0.19801,0.27953,0.13934,0.56046,0.067044,0.084326,0.074375,9.3149,43.462,26.564,0.66547,0.57503,0.437,0.2306,0.13416,0.17037,0.75806,1.1546,2.3679,2.0202,4.905,27.885,20.981,15.146,12.539,66.554,94.58,75.3,37.473,30.183,17.161,43.939,40.82,0.028531,10.545,9.5159,24.492,11.356,51.46,46.445,59.257,40.09,9.0858,17.946,55.856,20.543,0.48485,0.85994,0.66806,0.71043,2.1665,6.0916,2.2894,1.3821,3.4845,5.9057,10.535,4.9926,14.86,36.045,32.401,26.506,18.733,22.531,32.113,39.076,32.218,11.165,16.065,38.024,19.834,78.3,0.19152,0.38434,0.75932,6.674,16.226,10.967,21.104,26.055,84.106,11.822,10.19,17.422,2.0394,1.6706,1.0823,0.23673,0.16627,0.42715,0.10294,0.11124,0.083986,0.066146,0.071584,0.025056,0.084326,0.087842,4.6552,0.33602,0.21996,0.21324,0.18684
0.020912,0.026437,0.016402,0.012121,0.0074409,0.017914,0.058458,0.038426,0.0065064,0.022429,0.014387,0.0080387,0.012724,0.017672,0.0099947,0.0086639,0.020889,0.023106,0.032418,0.010349,0.021604,0.046528,0.08074,0.076325,0.059212,0.06809,0.10562,0.085811,0.096281,0.055998,0.10547,0.087717,0.041552,0.084213,0.19624,0.46319,0.30468,0.076375,0.12498,0.10469,0.10496,0.077116,0.12682,0.13192,0.14334,0.22281,0.050869,0.080343,0.17093,0.073136,0.032525,0.068853,0.075138,0.047517,0.019288,0.017087,0.016701,0.0088538,0.019399,0.02075,2.1868,1.7568,1.6915,0.99428,0.057144,0.28643,0.50502,0.79345,4.6845,0.91569,0.47307,0.49504,0.29293,11.41,98.8,76.997,29.888,75.751,27.064,14.052,7.602,9.1411,0.84588,3.0606,1.7342,5.7164,1.3564,1.1711,0.61935,0.35265,0.43677,0.16619,0.19778,0.2792,0.13903,0.55902,0.066998,0.084269,0.074437,9.3225,43.369,26.516,0.66395,0.57409,0.43565,0.23006,0.13404,0.1702,0.75557,1.1515,2.3619,2.0213,4.9134,27.933,21.011,15.166,12.562,66.627,94.685,75.386,37.51,30.192,17.141,43.874,40.754,0.026038,10.803,9.765,24.567,11.371,51.507,46.482,59.304,40.129,9.0958,17.963,55.9,20.563,0.48585,0.86112,0.66939,0.71228,2.1677,6.1085,2.2987,1.3857,3.4934,5.916,10.555,5.0064,14.923,36.084,32.439,26.539,18.755,22.558,32.14,39.108,32.249,11.181,16.096,38.048,19.847,78.323,0.19168,0.38582,0.76216,6.6904,16.252,10.992,21.131,26.075,84.135,11.856,10.225,17.48,2.0507,1.6813,1.0868,0.23743,0.16673,0.42848,0.10315,0.11137,0.084016,0.06622,0.07171,0.025133,0.084569,0.088105,4.8392,0.32641,0.21137,0.21246,0.18742
0.016128,0.020255,0.012521,0.0092475,0.0057002,0.013779,0.045136,0.029718,0.0049604,0.017137,0.010976,0.0061386,0.0097245,0.013603,0.0076779,0.0066592,0.016036,0.01782,0.025173,0.0080311,0.016772,0.036171,0.064818,0.060125,0.04626,0.053313,0.088827,0.067826,0.074908,0.0434,0.082104,0.073575,0.033484,0.068285,0.15369,0.36813,0.24076,0.059418,0.097567,0.081557,0.081584,0.060082,0.099317,0.103,0.1124,0.17473,0.040091,0.063707,0.13618,0.058638,0.025984,0.055152,0.060354,0.037924,0.01531,0.013564,0.013148,0.0069035,0.015186,0.016372,2.0027,1.4796,1.4249,0.80952,0.046409,0.28629,0.50411,0.79298,4.6845,0.91503,0.47175,0.49375,0.29236,11.422,98.898,77.072,29.917,75.822,27.084,14.063,7.6091,9.149,0.84577,3.0592,1.731,5.6952,1.3521,1.1695,0.61853,0.35239,0.4364,0.16615,0.19765,0.27905,0.13882,0.55805,0.06697,0.084231,0.074482,9.318,43.252,26.453,0.66227,0.57306,0.43454,0.22963,0.13396,0.17004,0.75377,1.1491,2.3579,2.0228,4.9205,27.971,21.036,15.184,12.581,66.692,94.781,75.465,37.544,30.2,17.121,43.813,40.693,0.023946,11.015,9.9698,24.601,11.383,51.551,46.515,59.349,40.166,9.1043,17.978,55.939,20.58,0.48651,0.86173,0.67001,0.71323,2.1683,6.118,2.304,1.3881,3.4997,5.9241,10.571,5.0159,14.963,36.117,32.47,26.565,18.773,22.579,32.162,39.134,32.273,11.193,16.119,38.066,19.856,78.34,0.19197,0.38741,0.76492,6.702,16.271,11.011,21.152,26.09,84.155,11.881,10.251,17.522,2.0589,1.6889,1.0899,0.23788,0.16703,0.42939,0.10328,0.11144,0.084029,0.066268,0.071806,0.025199,0.084779,0.088333,5.0108,0.31879,0.20461,0.21202,0.1878
0.012484,0.015588,0.0095984,0.0070858,0.0043869,0.010654,0.035037,0.023084,0.0038086,0.013188,0.0084233,0.0047127,0.0074678,0.010526,0.0059312,0.0051576,0.012412,0.013875,0.019732,0.0062805,0.013096,0.028328,0.0526,0.047878,0.036404,0.042196,0.075471,0.054155,0.058607,0.033755,0.064089,0.062344,0.027251,0.055844,0.12106,0.29428,0.19142,0.046364,0.076394,0.063697,0.063622,0.047007,0.078142,0.080604,0.088339,0.13731,0.031648,0.050598,0.10865,0.047067,0.02078,0.044227,0.048534,0.030306,0.012174,0.010787,0.010384,0.0054091,0.011944,0.01297,1.831,1.2434,1.1977,0.66089,0.037725,0.28619,0.50362,0.7927,4.6849,0.91494,0.47109,0.49304,0.29206,11.433,98.993,77.145,29.945,75.891,27.108,14.074,7.6163,9.1574,0.84591,3.0591,1.7298,5.6853,1.35,1.1686,0.61806,0.35231,0.4362,0.16614,0.19759,0.279,0.13868,0.55735,0.066953,0.084202,0.07451,9.3047,43.121,26.378,0.66047,0.57194,0.43355,0.22927,0.1339,0.16987,0.75239,1.1472,2.3552,2.0242,4.9264,28.003,21.058,15.201,12.597,66.75,94.87,75.538,37.576,30.207,17.102,43.755,40.635,0.022202,11.186,10.136,24.603,11.394,51.592,46.548,59.393,40.202,9.1118,17.991,55.975,20.595,0.48694,0.86196,0.67021,0.71367,2.1685,6.1233,2.3071,1.3898,3.5041,5.9306,10.584,5.0229,14.989,36.145,32.497,26.587,18.788,22.597,32.18,39.155,32.292,11.202,16.137,38.081,19.864,78.353,0.19234,0.38906,0.76761,6.71,16.284,11.023,21.166,26.101,84.168,11.899,10.269,17.553,2.0647,1.6943,1.0919,0.23815,0.16723,0.42999,0.10334,0.11147,0.084029,0.066296,0.07188,0.025257,0.084962,0.088534,5.1702,0.31279,0.19932,0.21185,0.18805
0.0097006,0.012056,0.0073919,0.0054558,0.0033935,0.008284,0.027356,0.018015,0.0029474,0.010231,0.0065067,0.0036396,0.0057655,0.0081904,0.0046101,0.0040282,0.0096939,0.010915,0.015622,0.0049524,0.010289,0.02236,0.043143,0.038547,0.028864,0.033767,0.064704,0.043682,0.046126,0.026355,0.050178,0.053311,0.022395,0.046053,0.095906,0.2365,0.15307,0.036296,0.06001,0.049891,0.049792,0.036943,0.061791,0.063242,0.069602,0.10815,0.025032,0.040265,0.086821,0.03783,0.016641,0.035514,0.039082,0.024254,0.0096974,0.0085969,0.0082248,0.0042573,0.0094357,0.010314,1.6715,1.043,1.0049,0.54097,0.030699,0.28612,0.50335,0.79252,4.6856,0.91514,0.47079,0.49264,0.2919,11.444,99.084,77.216,29.973,75.958,27.132,14.087,7.6235,9.1661,0.8462,3.0599,1.7297,5.6815,1.3489,1.1683,0.61784,0.35233,0.43611,0.16613,0.19757,0.27901,0.13857,0.55682,0.066944,0.084179,0.074522,9.2852,42.979,26.296,0.65858,0.57074,0.43262,0.22894,0.13384,0.16969,0.75127,1.1456,2.3533,2.0255,4.9311,28.03,21.077,15.215,12.611,66.803,94.952,75.606,37.604,30.213,17.085,43.702,40.581,0.020756,11.322,10.268,24.58,11.402,51.631,46.578,59.435,40.236,9.1187,18.003,56.008,20.608,0.48721,0.86195,0.67019,0.7138,2.1684,6.1262,2.3089,1.391,3.5071,5.9359,10.595,5.0284,15.009,36.171,32.521,26.605,18.8,22.611,32.195,39.172,32.307,11.209,16.151,38.093,19.87,78.361,0.19278,0.39076,0.77021,6.7153,16.292,11.032,21.177,26.109,84.175,11.913,10.282,17.575,2.0689,1.6981,1.0932,0.23832,0.16736,0.43038,0.10337,0.11147,0.084021,0.06631,0.071937,0.025307,0.085124,0.088712,5.3178,0.30811,0.19521,0.2119,0.18821
0.0075693,0.0093747,0.0057212,0.0042231,0.0026396,0.006481,0.021492,0.014131,0.0023007,0.0080056,0.0050626,0.0028292,0.0044772,0.006412,0.003607,0.0031744,0.0076439,0.0086768,0.012497,0.0039394,0.0081365,0.017796,0.035756,0.031375,0.023065,0.027321,0.055911,0.035592,0.036527,0.020663,0.039414,0.045954,0.018577,0.038287,0.076401,0.19099,0.12304,0.028514,0.047303,0.039198,0.039118,0.029172,0.049119,0.04976,0.054987,0.085407,0.019843,0.032111,0.069511,0.030453,0.013347,0.028564,0.031519,0.019442,0.0077397,0.0068655,0.0065335,0.0033648,0.0074848,0.0082317,1.5237,0.87378,0.84192,0.44394,0.025012,0.28606,0.50319,0.79239,4.6865,0.9155,0.47069,0.49242,0.29181,11.455,99.173,77.285,30,76.023,27.157,14.099,7.6305,9.1749,0.84661,3.0611,1.7301,5.6809,1.3485,1.1682,0.61777,0.35241,0.43609,0.16613,0.19758,0.27905,0.13849,0.5564,0.06694,0.084159,0.074518,9.2613,42.83,26.209,0.65664,0.56947,0.43174,0.22862,0.13377,0.16949,0.75031,1.1441,2.3519,2.0266,4.9347,28.052,21.094,15.228,12.622,66.851,95.027,75.668,37.631,30.218,17.068,43.651,40.53,0.019562,11.428,10.371,24.539,11.409,51.669,46.608,59.477,40.27,9.1251,18.015,56.04,20.62,0.48736,0.86179,0.67003,0.71378,2.1682,6.1279,2.31,1.3918,3.5092,5.9404,10.604,5.0329,15.025,36.194,32.543,26.622,18.81,22.623,32.207,39.187,32.319,11.214,16.162,38.103,19.874,78.367,0.19326,0.39249,0.77275,6.7185,16.297,11.038,21.185,26.114,84.178,11.923,10.291,17.591,2.0718,1.7008,1.0941,0.2384,0.16743,0.43062,0.10337,0.11146,0.084009,0.066315,0.071983,0.025352,0.085268,0.088872,5.454,0.30449,0.19204,0.21213,0.18832
0.0059323,0.0073321,0.0044522,0.0032876,0.0020654,0.0051036,0.016997,0.011145,0.0018124,0.0063224,0.0039695,0.0022148,0.0034985,0.0050519,0.0028421,0.0025252,0.006088,0.0069721,0.010102,0.0031618,0.0064776,0.014285,0.029925,0.025811,0.018576,0.022347,0.048642,0.029285,0.029111,0.016271,0.031068,0.039889,0.015547,0.032078,0.061183,0.15491,0.099377,0.022483,0.037421,0.030899,0.030857,0.023151,0.039259,0.039271,0.043567,0.067629,0.015767,0.025669,0.055767,0.024557,0.010724,0.023014,0.025461,0.015614,0.0061898,0.0054948,0.0052045,0.0026698,0.0059599,0.0065919,1.3871,0.73119,0.70461,0.36518,0.020405,0.28601,0.5031,0.79229,4.6874,0.91594,0.47068,0.49229,0.29177,11.465,99.259,77.352,30.026,76.087,27.181,14.112,7.6374,9.1836,0.84708,3.0627,1.7309,5.6821,1.3484,1.1683,0.6178,0.35251,0.43613,0.16612,0.19761,0.2791,0.13842,0.55604,0.066938,0.08414,0.074502,9.2342,42.677,26.119,0.65466,0.56814,0.43087,0.2283,0.1337,0.16929,0.74945,1.1427,2.3508,2.0276,4.9375,28.07,21.108,15.24,12.632,66.895,95.096,75.726,37.655,30.223,17.053,43.605,40.483,0.018576,11.508,10.45,24.483,11.415,51.705,46.638,59.518,40.302,9.1313,18.026,56.071,20.632,0.48742,0.86152,0.6698,0.71367,2.168,6.1288,2.3107,1.3924,3.5106,5.9442,10.612,5.0368,15.039,36.216,32.562,26.636,18.819,22.634,32.218,39.199,32.329,11.217,16.17,38.111,19.877,78.37,0.19377,0.39423,0.77522,6.7201,16.299,11.042,21.19,26.117,84.178,11.929,10.297,17.602,2.0739,1.7026,1.0946,0.23843,0.16747,0.43076,0.10335,0.11143,0.083994,0.066314,0.072019,0.025393,0.085398,0.089018,5.5792,0.30173,0.18962,0.21249,0.18839
0.0046709,0.0057696,0.0034847,0.0025749,0.0016263,0.0040465,0.013535,0.0088402,0.0014415,0.0050409,0.0031377,0.0017466,0.0027517,0.0040067,0.0022557,0.0020281,0.0048983,0.0056624,0.0082507,0.0025608,0.0051923,0.011565,0.025275,0.021451,0.015078,0.018469,0.042561,0.024323,0.023353,0.012872,0.024579,0.034832,0.013119,0.027071,0.049239,0.12614,0.080608,0.017793,0.029714,0.024442,0.024442,0.018467,0.031554,0.031091,0.034622,0.053706,0.012561,0.02057,0.044837,0.019838,0.0086325,0.018577,0.020605,0.012563,0.0049609,0.0044075,0.0041571,0.002126,0.0047628,0.0052957,1.2612,0.61136,0.58919,0.30105,0.01667,0.28595,0.50304,0.7922,4.6882,0.91642,0.47073,0.4922,0.29175,11.475,99.342,77.417,30.051,76.149,27.205,14.124,7.6442,9.1923,0.8476,3.0645,1.7319,5.684,1.3485,1.1686,0.6179,0.35263,0.4362,0.16612,0.19765,0.27915,0.13836,0.55572,0.066937,0.08412,0.074476,9.2049,42.522,26.027,0.65267,0.56677,0.43002,0.22797,0.13362,0.16907,0.74866,1.1414,2.3498,2.0283,4.9396,28.084,21.12,15.25,12.64,66.935,95.16,75.78,37.678,30.227,17.038,43.561,40.439,0.017763,11.566,10.508,24.417,11.42,51.74,46.666,59.559,40.334,9.1373,18.037,56.1,20.642,0.48744,0.86118,0.66953,0.71351,2.1677,6.1294,2.3112,1.3928,3.5115,5.9475,10.619,5.0404,15.051,36.237,32.581,26.649,18.827,22.643,32.227,39.21,32.337,11.22,16.177,38.117,19.88,78.371,0.19431,0.39597,0.77763,6.7205,16.299,11.044,21.193,26.119,84.175,11.934,10.301,17.609,2.0753,1.7039,1.0948,0.23842,0.16748,0.43083,0.10332,0.11139,0.083977,0.066309,0.07205,0.02543,0.085515,0.08915,5.6941,0.29965,0.1878,0.21296,0.18844
0.0036952,0.0045692,0.0027441,0.0020295,0.0012889,0.003231,0.010854,0.0070532,0.0011577,0.0040581,0.0025011,0.001388,0.0021792,0.0031994,0.0018038,0.0016447,0.0039814,0.0046468,0.006807,0.0020928,0.0041908,0.0094441,0.021525,0.017998,0.012335,0.015414,0.037421,0.020381,0.018857,0.010231,0.019519,0.030569,0.011154,0.022999,0.039806,0.10307,0.065636,0.014135,0.023684,0.019403,0.019445,0.014808,0.025505,0.024696,0.027597,0.042776,0.010034,0.016526,0.036131,0.016057,0.0069628,0.015025,0.016705,0.010129,0.0039847,0.0035435,0.0033294,0.0016988,0.003819,0.0042674,1.1455,0.51087,0.49237,0.24867,0.013637,0.28589,0.50299,0.79211,4.6891,0.9169,0.4708,0.49215,0.29174,11.485,99.424,77.481,30.076,76.21,27.229,14.136,7.6508,9.2009,0.84815,3.0665,1.7329,5.6864,1.3486,1.1688,0.61805,0.35274,0.43629,0.16611,0.19769,0.27921,0.1383,0.55542,0.066938,0.084101,0.07444,9.1743,42.366,25.935,0.65067,0.56537,0.42918,0.22765,0.13354,0.16885,0.74791,1.14,2.349,2.0289,4.941,28.096,21.131,15.259,12.648,66.971,95.219,75.83,37.698,30.231,17.025,43.52,40.397,0.017091,11.607,10.548,24.343,11.424,51.773,46.694,59.599,40.365,9.1432,18.047,56.129,20.653,0.48741,0.86081,0.66924,0.71333,2.1675,6.1298,2.3115,1.3932,3.5121,5.9504,10.625,5.0437,15.063,36.258,32.598,26.661,18.834,22.651,32.235,39.219,32.343,11.222,16.183,38.122,19.882,78.37,0.19486,0.39771,0.77999,6.7201,16.298,11.044,21.195,26.12,84.17,11.937,10.303,17.613,2.0762,1.7047,1.0949,0.23839,0.16748,0.43086,0.10328,0.11135,0.083961,0.066301,0.072075,0.025464,0.085622,0.089272,5.7992,0.29813,0.18647,0.21351,0.18846
0.0029378,0.0036426,0.0021745,0.0016102,0.0010285,0.0025986,0.0087666,0.0056615,0.00093898,0.0032987,0.0020108,0.0011117,0.0017379,0.0025724,0.0014534,0.0013465,0.0032685,0.0038516,0.00567,0.0017254,0.0034058,0.0077771,0.01847,0.015235,0.010167,0.012983,0.033035,0.017218,0.015328,0.0081717,0.015562,0.026943,0.0095495,0.019662,0.032313,0.084487,0.05363,0.011272,0.018949,0.015459,0.015539,0.011938,0.020734,0.019683,0.022067,0.034175,0.0080377,0.013311,0.029183,0.013022,0.0056278,0.012177,0.013569,0.0081844,0.0032079,0.0028555,0.0026736,0.0013619,0.0030721,0.0034489,1.0393,0.42671,0.41129,0.20579,0.011173,0.28584,0.50295,0.79202,4.69,0.91738,0.47088,0.4921,0.29173,11.495,99.503,77.543,30.101,76.27,27.252,14.148,7.6573,9.2093,0.84871,3.0684,1.734,5.689,1.3489,1.1692,0.61822,0.35285,0.43639,0.1661,0.19773,0.27926,0.13824,0.55513,0.066938,0.084082,0.074397,9.1428,42.211,25.842,0.64868,0.56395,0.42834,0.22732,0.13344,0.16862,0.74718,1.1387,2.3483,2.0293,4.9419,28.106,21.141,15.268,12.654,67.004,95.273,75.877,37.717,30.234,17.012,43.482,40.359,0.016534,11.632,10.574,24.263,11.427,51.806,46.722,59.639,40.396,9.1489,18.057,56.158,20.663,0.48737,0.86042,0.66894,0.71314,2.1672,6.1301,2.3118,1.3935,3.5125,5.953,10.631,5.0468,15.073,36.278,32.614,26.672,18.841,22.659,32.242,39.228,32.349,11.224,16.187,38.127,19.884,78.369,0.19541,0.39944,0.78229,6.719,16.295,11.044,21.196,26.121,84.163,11.938,10.304,17.615,2.0767,1.7052,1.0949,0.23834,0.16746,0.43085,0.10323,0.11131,0.083945,0.066292,0.072097,0.025496,0.085719,0.089385,5.895,0.29706,0.18552,0.21413,0.18848
0.0023474,0.0029235,0.0017344,0.0012861,0.00082632,0.0021052,0.0071317,0.0045723,0.00076891,0.0027069,0.0016304,0.00089751,0.0013959,0.0020826,0.00118,0.0011126,0.002709,0.0032226,0.0047656,0.0014345,0.0027867,0.0064566,0.015954,0.012999,0.0084413,0.011027,0.029259,0.014656,0.012541,0.0065594,0.012457,0.02383,0.0082262,0.016903,0.026329,0.069445,0.043955,0.0090231,0.015219,0.012362,0.012473,0.0096759,0.01695,0.015741,0.017701,0.027387,0.0064564,0.01075,0.023626,0.010582,0.0045583,0.0098895,0.011042,0.006627,0.0025885,0.0023065,0.0021526,0.0010951,0.0024788,0.0027951,0.94213,0.35632,0.34345,0.17058,0.0091666,0.28577,0.50292,0.79193,4.6908,0.91786,0.47097,0.49206,0.29173,11.504,99.581,77.604,30.124,76.329,27.275,14.16,7.6636,9.2176,0.84927,3.0705,1.735,5.6917,1.3491,1.1695,0.6184,0.35296,0.43651,0.16609,0.19778,0.27931,0.13818,0.55485,0.066939,0.084062,0.074348,9.1109,42.057,25.75,0.64671,0.56253,0.42751,0.22698,0.13335,0.16839,0.74647,1.1374,2.3475,2.0296,4.9424,28.114,21.149,15.275,12.659,67.034,95.324,75.92,37.735,30.237,17.001,43.447,40.323,0.016071,11.645,10.588,24.178,11.429,51.837,46.75,59.678,40.427,9.1545,18.067,56.185,20.672,0.4873,0.86001,0.66864,0.71294,2.1669,6.1304,2.312,1.3937,3.5127,5.9554,10.636,5.0498,15.084,36.297,32.63,26.683,18.847,22.666,32.247,39.235,32.353,11.225,16.191,38.13,19.885,78.366,0.19597,0.40115,0.78454,6.7174,16.292,11.043,21.196,26.12,84.155,11.939,10.303,17.616,2.0769,1.7054,1.0948,0.23829,0.16744,0.43082,0.10319,0.11126,0.08393,0.066281,0.072116,0.025525,0.085808,0.089489,5.9823,0.29636,0.18488,0.21479,0.18849
0.0018852,0.0023624,0.0013926,0.0010343,0.00066851,0.0017179,0.0058431,0.0037153,0.00063552,0.0022416,0.0013331,0.00073029,0.0011292,0.0016975,0.00096513,0.0009274,0.0022658,0.0027199,0.0040387,0.0012023,0.0022952,0.0054019,0.013862,0.01117,0.0070575,0.009436,0.025987,0.01256,0.010327,0.0052916,0.010012,0.021139,0.0071254,0.014606,0.021525,0.05722,0.036125,0.0072497,0.012268,0.0099218,0.010057,0.0078843,0.013934,0.012632,0.014243,0.022015,0.0052008,0.0087041,0.019171,0.0086164,0.0037,0.008048,0.0090031,0.0053775,0.0020935,0.0018674,0.0017375,0.00088322,0.0020059,0.0022713,0.85331,0.29748,0.28675,0.1416,0.0075315,0.28571,0.50288,0.79184,4.6916,0.91833,0.47106,0.49202,0.29172,11.513,99.657,77.664,30.148,76.387,27.298,14.171,7.6698,9.2257,0.84984,3.0725,1.7361,5.6944,1.3494,1.1698,0.6186,0.35306,0.43663,0.16608,0.19782,0.27935,0.13812,0.55458,0.06694,0.084042,0.074295,9.0788,41.905,25.659,0.64476,0.5611,0.42669,0.22665,0.13324,0.16816,0.74577,1.1361,2.3468,2.0298,4.9425,28.121,21.156,15.282,12.664,67.061,95.37,75.959,37.752,30.24,16.99,43.414,40.29,0.015684,11.648,10.592,24.091,11.432,51.868,46.777,59.717,40.457,9.1601,18.077,56.213,20.681,0.48722,0.85959,0.66834,0.71275,2.1667,6.1306,2.3123,1.3939,3.5128,5.9577,10.642,5.0527,15.094,36.316,32.645,26.692,18.853,22.672,32.253,39.242,32.357,11.225,16.194,38.133,19.885,78.362,0.19653,0.40285,0.78674,6.7155,16.288,11.041,21.195,26.119,84.147,11.938,10.302,17.615,2.077,1.7055,1.0947,0.23823,0.16742,0.43077,0.10315,0.11122,0.083916,0.066271,0.072133,0.025552,0.085891,0.089586,6.0615,0.29595,0.1845,0.2155,0.18849
0.0015217,0.0019221,0.0011256,0.00083757,0.0005446,0.0014118,0.0048208,0.0030375,0.00052994,0.0018724,0.0010991,0.00059883,0.00091988,0.0013929,0.00079517,0.00077947,0.0019111,0.0023139,0.0034486,0.0010152,0.0019025,0.0045525,0.012104,0.0096594,0.0059393,0.008129,0.023131,0.01083,0.0085574,0.0042905,0.0080795,0.018796,0.0062019,0.012678,0.017651,0.04725,0.029762,0.0058463,0.0099266,0.0079926,0.0081465,0.0064586,0.011517,0.010172,0.011496,0.017752,0.0042011,0.0070654,0.015592,0.0070296,0.0030096,0.0065627,0.0073545,0.0043731,0.0016971,0.0015155,0.0014061,0.00071435,0.0016277,0.0018505,0.77228,0.24835,0.2394,0.11771,0.0061968,0.28564,0.50284,0.79174,4.6923,0.91879,0.47114,0.49198,0.29171,11.522,99.731,77.722,30.171,76.443,27.32,14.182,7.6758,9.2336,0.8504,3.0745,1.7372,5.697,1.3496,1.1702,0.6188,0.35316,0.43675,0.16606,0.19787,0.27938,0.13806,0.55431,0.066941,0.084022,0.074239,9.0468,41.755,25.569,0.64283,0.55967,0.42588,0.22631,0.13314,0.16792,0.74508,1.1348,2.3461,2.0298,4.9423,28.126,21.163,15.289,12.667,67.086,95.413,75.996,37.767,30.243,16.98,43.383,40.259,0.015358,11.642,10.589,24.003,11.433,51.899,46.803,59.755,40.486,9.1655,18.087,56.24,20.69,0.48714,0.85918,0.66805,0.71255,2.1664,6.1308,2.3125,1.394,3.5129,5.9597,10.647,5.0555,15.104,36.335,32.66,26.702,18.858,22.678,32.257,39.248,32.361,11.226,16.196,38.135,19.886,78.358,0.19709,0.40453,0.78889,6.7132,16.284,11.039,21.194,26.118,84.137,11.938,10.301,17.613,2.0769,1.7055,1.0945,0.23816,0.16739,0.43072,0.1031,0.11118,0.083904,0.066261,0.072148,0.025577,0.085967,0.089676,6.1333,0.29578,0.18432,0.21623,0.18849
0.0012346,0.0015744,0.0009159,0.00068287,0.0004467,0.0011684,0.0040044,0.0024984,0.00044559,0.0015767,0.00091325,0.00049474,0.0007546,0.0011504,0.00065975,0.00066018,0.0016245,0.0019827,0.0029646,0.00086315,0.0015866,0.0038628,0.010616,0.0083994,0.0050291,0.0070444,0.020627,0.0093883,0.0071337,0.0034962,0.0065467,0.016747,0.0054211,0.011049,0.014513,0.039093,0.024574,0.0047315,0.0080612,0.0064619,0.0066285,0.0053183,0.0095702,0.0082193,0.0093073,0.014358,0.003403,0.0057496,0.01271,0.0057463,0.0024533,0.0053624,0.0060189,0.0035638,0.0013789,0.0012329,0.0011407,0.00057935,0.0013245,0.0015114,0.69846,0.20733,0.19986,0.097962,0.0051057,0.28558,0.5028,0.79164,4.6931,0.91924,0.47123,0.49195,0.2917,11.53,99.803,77.779,30.193,76.499,27.342,14.193,7.6817,9.2414,0.85095,3.0764,1.7382,5.6996,1.3499,1.1706,0.61901,0.35324,0.43688,0.16604,0.19792,0.27942,0.13801,0.55404,0.066942,0.084002,0.07418,9.0151,41.608,25.48,0.64094,0.55826,0.42507,0.22598,0.13303,0.16769,0.7444,1.1335,2.3454,2.0298,4.9418,28.129,21.168,15.294,12.671,67.109,95.452,76.031,37.781,30.245,16.97,43.355,40.23,0.015084,11.63,10.578,23.913,11.434,51.928,46.83,59.793,40.515,9.1709,18.096,56.266,20.699,0.48705,0.85876,0.66776,0.71236,2.1662,6.131,2.3127,1.3942,3.5129,5.9617,10.652,5.0583,15.114,36.353,32.674,26.711,18.863,22.683,32.261,39.254,32.364,11.226,16.198,38.137,19.886,78.353,0.19764,0.40618,0.791,6.7108,16.279,11.037,21.193,26.116,84.127,11.937,10.298,17.61,2.0766,1.7054,1.0943,0.2381,0.16736,0.43066,0.10306,0.11114,0.083894,0.066251,0.072163,0.025601,0.086037,0.08976,6.1982,0.29581,0.18431,0.21699,0.18849
0.0010068,0.0012983,0.00075022,0.00056051,0.00036887,0.00097353,0.0033479,0.0020671,0.00037756,0.0013377,0.00076455,0.00041171,0.00062323,0.0009561,0.00055108,0.00056308,0.0013906,0.0017099,0.002564,0.00073854,0.0013309,0.0032981,0.0093451,0.007339,0.0042828,0.0061362,0.018422,0.0081775,0.0059815,0.0028633,0.0053265,0.014945,0.0047562,0.0096637,0.011961,0.032401,0.020331,0.0038429,0.0065698,0.0052434,0.0054177,0.0044018,0.0079932,0.0066644,0.0075584,0.011648,0.0027641,0.0046904,0.010384,0.0047064,0.002004,0.0043903,0.0049349,0.0029106,0.001123,0.0010053,0.00092777,0.00047113,0.0010805,0.0012375,0.6313,0.1731,0.16687,0.081619,0.0042124,0.28551,0.50276,0.79154,4.6938,0.91968,0.47131,0.49191,0.29169,11.539,99.874,77.835,30.215,76.554,27.363,14.204,7.6875,9.249,0.8515,3.0784,1.7392,5.7022,1.3501,1.1709,0.61921,0.35333,0.43701,0.16603,0.19796,0.27944,0.13795,0.55377,0.066943,0.083982,0.07412,8.9837,41.463,25.394,0.63908,0.55686,0.42428,0.22564,0.13292,0.16746,0.74372,1.1321,2.3446,2.0297,4.9411,28.132,21.173,15.299,12.673,67.13,95.488,76.062,37.794,30.247,16.962,43.328,40.204,0.01485,11.612,10.563,23.824,11.435,51.957,46.856,59.83,40.544,9.1762,18.106,56.292,20.708,0.48696,0.85835,0.66747,0.71217,2.1659,6.1312,2.3129,1.3943,3.5128,5.9636,10.656,5.0609,15.123,36.371,32.688,26.719,18.868,22.689,32.265,39.259,32.366,11.226,16.2,38.138,19.886,78.348,0.19819,0.40781,0.79307,6.7082,16.274,11.034,21.191,26.114,84.117,11.935,10.296,17.607,2.0763,1.7052,1.0941,0.23804,0.16733,0.4306,0.10302,0.1111,0.083885,0.066241,0.072176,0.025623,0.086103,0.089839,6.2568,0.296,0.18444,0.21776,0.18849
0.00082515,0.0010775,0.00061853,0.00046311,0.0003066,0.00081638,0.0028165,0.0017202,0.00032218,0.0011427,0.00064459,0.00034498,0.00051811,0.00079938,0.00046325,0.00048334,0.001198,0.001483,0.0022293,0.00063556,0.0011226,0.0028321,0.0082526,0.0064391,0.0036665,0.0053692,0.016472,0.0071526,0.0050432,0.0023567,0.0043513,0.013354,0.0041862,0.008479,0.0098801,0.026898,0.016851,0.0031319,0.0053732,0.00427,0.0044477,0.0036615,0.0067091,0.0054221,0.0061565,0.0094782,0.0022514,0.0038356,0.0085024,0.003862,0.0016404,0.0036015,0.0040535,0.0023821,0.00091672,0.0008216,0.00075644,0.00038414,0.00088379,0.0010156,0.57028,0.14455,0.13934,0.068072,0.0034801,0.28543,0.50272,0.79144,4.6944,0.92011,0.47138,0.49186,0.29167,11.547,99.944,77.89,30.236,76.607,27.384,14.215,7.6931,9.2564,0.85204,3.0803,1.7402,5.7047,1.3504,1.1713,0.61942,0.3534,0.43713,0.16601,0.198,0.27947,0.13788,0.55351,0.066944,0.083963,0.074059,8.9528,41.322,25.309,0.63726,0.55548,0.4235,0.22531,0.1328,0.16723,0.74305,1.1308,2.3439,2.0295,4.9402,28.134,21.177,15.304,12.676,67.148,95.521,76.092,37.806,30.249,16.954,43.303,40.179,0.014651,11.59,10.543,23.734,11.436,51.985,46.881,59.867,40.572,9.1814,18.115,56.318,20.716,0.48686,0.85794,0.66719,0.71198,2.1657,6.1314,2.313,1.3944,3.5127,5.9653,10.661,5.0636,15.132,36.388,32.701,26.727,18.872,22.693,32.268,39.264,32.369,11.226,16.202,38.139,19.886,78.342,0.19873,0.40942,0.79508,6.7056,16.269,11.031,21.189,26.112,84.106,11.933,10.293,17.603,2.076,1.705,1.0939,0.23798,0.16731,0.43055,0.10298,0.11106,0.083878,0.066233,0.072189,0.025643,0.086163,0.089913,6.3096,0.29632,0.18468,0.21853,0.18849
0.00067965,0.00089992,0.0005132,0.00038508,0.00025644,0.0006888,0.0023834,0.0014395,0.00027668,0.00098217,0.00054702,0.00029095,0.00043341,0.00067217,0.00039175,0.00041727,0.0010378,0.0012926,0.0019473,0.00054976,0.00095178,0.0024445,0.0073075,0.0056698,0.0031541,0.0047163,0.014743,0.0062789,0.0042743,0.0019491,0.0035691,0.011946,0.0036949,0.0074603,0.0081772,0.022361,0.01399,0.0025612,0.0044097,0.0034896,0.0036675,0.0030604,0.0056579,0.0044264,0.0050295,0.0077357,0.0018387,0.003144,0.0069767,0.0031751,0.0013456,0.0029602,0.0033355,0.0019537,0.00075003,0.00067307,0.00061828,0.00031402,0.0007247,0.00083552,0.5149,0.12073,0.11638,0.056827,0.0028789,0.28536,0.50267,0.79134,4.6951,0.92053,0.47146,0.49182,0.29166,11.555,100.01,77.944,30.257,76.66,27.404,14.225,7.6987,9.2637,0.85257,3.0822,1.7412,5.7071,1.3506,1.1716,0.61962,0.35348,0.43726,0.16599,0.19805,0.27949,0.13782,0.55324,0.066945,0.083943,0.073997,8.9224,41.183,25.225,0.63547,0.55411,0.42273,0.22498,0.13269,0.167,0.74239,1.1296,2.3431,2.0292,4.9392,28.135,21.181,15.308,12.678,67.165,95.552,76.119,37.817,30.251,16.946,43.28,40.155,0.01448,11.564,10.52,23.645,11.436,52.013,46.906,59.903,40.6,9.1866,18.124,56.343,20.725,0.48676,0.85754,0.66692,0.7118,2.1655,6.1316,2.3132,1.3945,3.5126,5.967,10.665,5.0661,15.142,36.406,32.714,26.735,18.876,22.698,32.271,39.269,32.371,11.225,16.203,38.139,19.886,78.335,0.19927,0.411,0.79706,6.7029,16.264,11.028,21.187,26.109,84.095,11.931,10.29,17.599,2.0756,1.7048,1.0937,0.23792,0.16728,0.43049,0.10295,0.11103,0.083873,0.066225,0.072201,0.025663,0.08622,0.089982,6.357,0.29675,0.185,0.21932,0.18849
0.00056251,0.00075607,0.0004284,0.00032215,0.00021576,0.00058449,0.002028,0.0012111,0.00023897,0.00084888,0.00046702,0.00024686,0.00036471,0.00056823,0.00033313,0.00036207,0.00090354,0.0011315,0.0017079,0.00047773,0.00081085,0.0021197,0.0064854,0.0050075,0.0027251,0.0041565,0.013205,0.0055293,0.0036403,0.0016197,0.0029392,0.010695,0.003269,0.00658,0.0067798,0.018615,0.011632,0.0021012,0.0036311,0.0028617,0.0030371,0.0025699,0.0047928,0.0036255,0.0041207,0.006332,0.0015056,0.002583,0.0057368,0.0026152,0.0011059,0.0024376,0.0027494,0.0016056,0.00061503,0.00055264,0.00050657,0.00025735,0.00059571,0.0006889,0.46468,0.10086,0.09723,0.047481,0.0023846,0.28529,0.50263,0.79123,4.6958,0.92094,0.47153,0.49178,0.29164,11.563,100.08,77.996,30.278,76.712,27.425,14.235,7.7041,9.2708,0.85309,3.0841,1.7421,5.7095,1.3508,1.1719,0.61983,0.35355,0.43738,0.16598,0.19809,0.27951,0.13776,0.55298,0.066946,0.083924,0.073935,8.8926,41.048,25.144,0.63372,0.55277,0.42198,0.22466,0.13258,0.16678,0.74174,1.1283,2.3423,2.0289,4.9381,28.136,21.184,15.312,12.679,67.18,95.579,76.144,37.827,30.252,16.939,43.259,40.134,0.014333,11.536,10.494,23.558,11.437,52.04,46.931,59.939,40.627,9.1916,18.133,56.368,20.733,0.48667,0.85714,0.66665,0.71163,2.1652,6.1318,2.3134,1.3946,3.5124,5.9687,10.669,5.0686,15.151,36.423,32.726,26.743,18.881,22.703,32.274,39.273,32.373,11.225,16.205,38.14,19.885,78.329,0.19979,0.41255,0.79899,6.7001,16.258,11.025,21.185,26.107,84.083,11.929,10.288,17.595,2.0751,1.7045,1.0935,0.23787,0.16726,0.43044,0.10291,0.111,0.083869,0.066218,0.072213,0.025681,0.086273,0.090047,6.3997,0.29725,0.1854,0.2201,0.18849
0.00046776,0.00063882,0.00035972,0.00027107,0.00018257,0.00049863,0.0017343,0.001024,0.00020744,0.00073729,0.00040091,0.00021063,0.00030861,0.00048278,0.00028475,0.00031558,0.00079005,0.00099421,0.001503,0.00041683,0.00069389,0.0018458,0.0057667,0.004434,0.0023639,0.0036736,0.011836,0.0048825,0.0031146,0.0013522,0.0024299,0.0095824,0.0028982,0.0058161,0.0056304,0.015515,0.0096853,0.0017294,0.0029997,0.0023548,0.0025256,0.0021676,0.0040772,0.0029794,0.0033856,0.0051979,0.001236,0.0021268,0.0047269,0.0021579,0.00091078,0.002011,0.0022701,0.0013222,0.00050546,0.0004548,0.00041605,0.00021143,0.00049086,0.00056929,0.4192,0.08429,0.081254,0.039704,0.0019777,0.28521,0.50258,0.79113,4.6964,0.92135,0.4716,0.49173,0.29162,11.571,100.14,78.048,30.299,76.763,27.444,14.245,7.7094,9.2778,0.85361,3.0859,1.7431,5.7119,1.351,1.1723,0.62003,0.35361,0.43751,0.16596,0.19813,0.27953,0.1377,0.55272,0.066947,0.083906,0.073874,8.8633,40.916,25.065,0.63202,0.55145,0.42124,0.22434,0.13247,0.16656,0.7411,1.127,2.3415,2.0286,4.9369,28.136,21.186,15.315,12.68,67.194,95.605,76.167,37.836,30.254,16.932,43.239,40.113,0.014206,11.506,10.466,23.471,11.437,52.067,46.956,59.974,40.654,9.1966,18.142,56.392,20.741,0.48657,0.85675,0.66638,0.71145,2.165,6.1321,2.3136,1.3947,3.5123,5.9702,10.673,5.0711,15.16,36.439,32.739,26.75,18.885,22.707,32.276,39.277,32.374,11.225,16.206,38.14,19.885,78.322,0.20031,0.41408,0.80088,6.6974,16.253,11.022,21.182,26.104,84.072,11.927,10.284,17.591,2.0747,1.7042,1.0933,0.23782,0.16724,0.43039,0.10288,0.11097,0.083867,0.066212,0.072225,0.025699,0.086322,0.090108,6.4379,0.29783,0.18585,0.22088,0.18849
